date_jst,BTC,GOLD,US10Y,SP500
2021-11-27 09:00:00+09:00,-0.179146,-0.297790,-0.347854,-1.649099
2021-11-28 09:00:00+09:00,0.034793,-0.219234,-0.429237,-1.799847
2021-11-29 09:00:00+09:00,0.064343,-0.325328,-0.451921,-1.221384
2021-11-30 09:00:00+09:00,-0.055415,-0.409618,-0.250123,-1.959863
2021-12-01 09:00:00+09:00,-0.061910,-0.275457,-0.230884,-2.483279
2021-12-02 09:00:00+09:00,-0.124945,-0.767878,-0.229239,-1.918134
2021-12-03 09:00:00+09:00,-0.245310,-0.531805,-0.011306,-2.205237
2021-12-04 09:00:00+09:00,-0.521287,-0.538631,-0.018760,-2.174805
2021-12-05 09:00:00+09:00,-0.544755,-0.545333,-0.026335,-2.145723
2021-12-06 09:00:00+09:00,-0.203105,-0.204982,-0.076324,-1.578817
2021-12-07 09:00:00+09:00,-0.149597,-0.092925,-0.345139,-0.764435
2021-12-08 09:00:00+09:00,-0.169129,-0.172118,-0.595953,-0.472798
2021-12-09 09:00:00+09:00,-0.225817,-0.193256,-0.378780,-0.448788
2021-12-10 09:00:00+09:00,-0.260645,-0.099846,-0.360712,-0.085977
2021-12-11 09:00:00+09:00,-0.190282,-0.108042,-0.370913,-0.084083
2021-12-12 09:00:00+09:00,-0.079343,-0.149009,-0.430870,-0.166549
2021-12-13 09:00:00+09:00,-0.373570,-0.277370,-0.400238,-0.291321
2021-12-14 09:00:00+09:00,-0.430053,-0.334188,-0.409201,-0.887361
2021-12-15 09:00:00+09:00,-0.288124,0.044672,-0.345090,-0.211128
2021-12-16 09:00:00+09:00,-0.321165,0.559433,-0.102988,-0.194401
2021-12-17 09:00:00+09:00,-0.444374,0.649027,-0.012916,-0.583165
2021-12-18 09:00:00+09:00,-0.354234,0.642984,-0.019241,-0.578096
2021-12-19 09:00:00+09:00,-0.102486,0.467759,-0.244179,0.080897
2021-12-20 09:00:00+09:00,0.058510,0.136838,-0.261976,-0.323601
2021-12-21 09:00:00+09:00,-0.008538,0.044850,-0.481887,-0.005831
2021-12-22 09:00:00+09:00,-0.104211,0.618568,-0.048296,-0.076272
2021-12-23 09:00:00+09:00,0.160675,0.714752,-0.012051,0.115405
2021-12-24 09:00:00+09:00,0.177525,0.708982,-0.017945,0.123690
2021-12-25 09:00:00+09:00,0.125666,0.703235,-0.023891,0.132121
2021-12-26 09:00:00+09:00,0.221468,0.693316,0.090452,0.251916
2021-12-27 09:00:00+09:00,0.305191,0.845205,0.272741,1.653574
2021-12-28 09:00:00+09:00,0.080443,1.071693,0.211536,1.536754
2021-12-29 09:00:00+09:00,-0.130989,0.515044,-0.082879,2.074819
2021-12-30 09:00:00+09:00,-0.333772,0.588744,-0.123655,1.471597
2021-12-31 09:00:00+09:00,-0.354241,0.783411,-0.181489,1.362014
2022-01-01 09:00:00+09:00,-0.300101,0.776841,-0.187772,1.359724
2022-01-02 09:00:00+09:00,-0.361454,0.640969,-0.139103,1.881485
2022-01-03 09:00:00+09:00,-0.518529,0.345567,-0.435186,1.705171
2022-01-04 09:00:00+09:00,-0.704097,0.527171,-0.481629,1.523298
2022-01-05 09:00:00+09:00,-0.748782,0.703201,-0.500739,0.413696
2022-01-06 09:00:00+09:00,-0.768772,0.227301,-0.523322,0.468562
2022-01-07 09:00:00+09:00,-0.878368,0.336366,-0.687059,0.317983
2022-01-08 09:00:00+09:00,-0.856197,0.330965,-0.696108,0.331802
2022-01-09 09:00:00+09:00,-0.937525,0.349322,-0.588553,0.628240
2022-01-10 09:00:00+09:00,-0.884318,0.312095,-0.827916,0.675400
2022-01-11 09:00:00+09:00,-0.881964,0.089416,-0.811349,0.936056
2022-01-12 09:00:00+09:00,-0.815271,0.163426,-0.921756,0.342446
2022-01-13 09:00:00+09:00,-1.010800,0.493751,-0.530883,-0.556584
2022-01-14 09:00:00+09:00,-0.958986,0.426734,-0.872870,-0.517096
2022-01-15 09:00:00+09:00,-0.968516,0.424952,-0.877362,-0.511332
2022-01-16 09:00:00+09:00,-0.978410,0.456198,-0.813884,-0.644779
2022-01-17 09:00:00+09:00,-1.072293,0.383839,-0.643620,-0.940814
2022-01-18 09:00:00+09:00,-1.105119,0.121435,-1.004198,-1.820645
2022-01-19 09:00:00+09:00,-1.021254,0.581874,-0.764324,-2.295415
2022-01-20 09:00:00+09:00,-1.017144,0.369369,-0.792126,-2.638030
2022-01-21 09:00:00+09:00,-1.213966,0.222325,-0.507917,-3.271065
2022-01-22 09:00:00+09:00,-1.256692,0.221210,-0.514879,-3.190758
2022-01-23 09:00:00+09:00,-1.247300,0.075471,-0.584547,-3.273584
2022-01-24 09:00:00+09:00,-1.157115,0.396295,-0.697085,-3.162199
2022-01-25 09:00:00+09:00,-1.087776,0.476593,-1.053419,-3.318349
2022-01-26 09:00:00+09:00,-1.148919,0.118809,-1.285788,-3.580642
2022-01-27 09:00:00+09:00,-1.175250,-0.120731,-1.094743,-3.694162
2022-01-28 09:00:00+09:00,-1.137723,-0.232142,-0.977660,-2.882117
2022-01-29 09:00:00+09:00,-1.106777,-0.227240,-0.978715,-2.824040
2022-01-30 09:00:00+09:00,-1.107399,-0.390544,-0.975106,-2.821606
2022-01-31 09:00:00+09:00,-1.137577,-0.158225,-1.099281,-2.331582
2022-02-01 09:00:00+09:00,-1.116826,0.275802,-1.006046,-2.285330
2022-02-02 09:00:00+09:00,-1.148726,-0.011552,-1.169969,-2.104537
2022-02-03 09:00:00+09:00,-1.127121,-0.416056,-1.650583,-2.891832
2022-02-04 09:00:00+09:00,-0.950436,-0.359078,-2.014823,-2.700572
2022-02-05 09:00:00+09:00,-1.000965,-0.352132,-1.995141,-2.659537
2022-02-06 09:00:00+09:00,-1.068926,-0.500845,-1.767911,-2.637401
2022-02-07 09:00:00+09:00,-0.996336,-0.333368,-1.960242,-2.599232
2022-02-08 09:00:00+09:00,-0.932252,-0.489358,-1.686504,-2.111130
2022-02-09 09:00:00+09:00,-0.920514,-0.583714,-1.452754,-1.708683
2022-02-10 09:00:00+09:00,-0.927766,-0.632036,-1.975084,-2.392028
2022-02-11 09:00:00+09:00,-0.981339,-0.559436,-1.470208,-2.864221
2022-02-12 09:00:00+09:00,-1.012955,-0.555098,-1.457657,-2.815561
2022-02-13 09:00:00+09:00,-0.963972,-0.524495,-1.260028,-2.771221
2022-02-14 09:00:00+09:00,-0.851351,0.114931,-1.534797,-2.915011
2022-02-15 09:00:00+09:00,-0.774378,-0.348212,-1.823933,-2.406326
2022-02-16 09:00:00+09:00,-0.688634,0.056236,-1.736873,-2.431873
2022-02-17 09:00:00+09:00,-0.884482,0.751894,-1.599094,-2.878640
2022-02-18 09:00:00+09:00,-0.956119,0.735270,-1.435911,-2.990298
2022-02-19 09:00:00+09:00,-0.924888,0.755116,-1.423070,-2.928677
2022-02-20 09:00:00+09:00,-0.925644,1.606733,-1.074791,-2.796952
2022-02-21 09:00:00+09:00,-1.025720,2.049783,-0.876193,-2.781425
2022-02-22 09:00:00+09:00,-0.930757,2.180387,-1.015490,-3.000806
2022-02-23 09:00:00+09:00,-1.006592,2.240239,-1.246818,-3.326797
2022-02-24 09:00:00+09:00,-0.839392,2.472780,-1.708487,-2.456770
2022-02-25 09:00:00+09:00,-0.841767,1.753649,-1.703890,-1.937729
2022-02-26 09:00:00+09:00,-0.927703,1.738357,-1.687369,-1.914958
2022-02-27 09:00:00+09:00,-1.008219,1.779777,-1.570762,-2.175753
2022-02-28 09:00:00+09:00,-0.735226,2.157387,-1.319192,-1.788646
2022-03-01 09:00:00+09:00,-0.692427,2.724116,-0.958135,-1.851608
2022-03-02 09:00:00+09:00,-0.687410,2.704376,-1.529507,-1.737779
2022-03-03 09:00:00+09:00,-0.652396,2.498724,-1.583720,-1.650374
2022-03-04 09:00:00+09:00,-0.647237,2.964780,-1.133958,-1.805408
2022-03-05 09:00:00+09:00,-0.644066,2.907829,-1.124942,-1.786394
2022-03-06 09:00:00+09:00,-0.749019,2.936349,-0.893832,-2.012767
2022-03-07 09:00:00+09:00,-0.775518,3.251666,-0.906724,-2.994597
2022-03-08 09:00:00+09:00,-0.735100,3.849656,-1.046323,-3.126934
2022-03-09 09:00:00+09:00,-0.436695,3.090439,-1.422467,-2.446968
2022-03-10 09:00:00+09:00,-0.563471,3.068210,-1.640506,-2.669684
2022-03-11 09:00:00+09:00,-0.697676,2.787368,-1.636957,-2.862767
2022-03-12 09:00:00+09:00,-0.726176,2.739773,-1.621765,-2.809038
2022-03-13 09:00:00+09:00,-0.640382,2.641600,-1.811187,-2.592886
2022-03-14 09:00:00+09:00,-0.533898,2.522487,-2.255370,-2.548372
2022-03-15 09:00:00+09:00,-0.662618,2.174052,-2.185335,-2.419038
2022-03-16 09:00:00+09:00,-0.508433,1.359615,-2.334630,-1.829480
2022-03-17 09:00:00+09:00,-0.450458,1.713382,-2.474922,-1.392263
2022-03-18 09:00:00+09:00,-0.439297,1.513291,-2.321870,-1.161944
2022-03-19 09:00:00+09:00,-0.414287,1.505131,-2.291716,-1.152647
2022-03-20 09:00:00+09:00,-0.483279,1.644953,-2.228488,-0.925553
2022-03-21 09:00:00+09:00,-0.599906,1.723104,-2.557476,-1.260336
2022-03-22 09:00:00+09:00,-0.518550,1.408775,-2.763067,-1.229084
2022-03-23 09:00:00+09:00,-0.597562,1.476401,-2.381339,-1.561319
2022-03-24 09:00:00+09:00,-0.546965,1.796382,-2.559330,-1.285902
2022-03-25 09:00:00+09:00,-0.512856,1.677238,-2.899454,-1.182482
2022-03-26 09:00:00+09:00,-0.528152,1.662619,-2.846037,-1.173767
2022-03-27 09:00:00+09:00,-0.396646,1.692444,-2.807948,-1.416229
2022-03-28 09:00:00+09:00,-0.217243,1.464471,-2.676340,-1.256882
2022-03-29 09:00:00+09:00,-0.133452,1.165857,-2.277385,-1.049556
2022-03-30 09:00:00+09:00,-0.207791,1.331532,-2.225852,-1.102468
2022-03-31 09:00:00+09:00,-0.252807,1.321092,-2.092696,-1.332857
2022-04-01 09:00:00+09:00,-0.293772,0.929233,-2.299289,-1.260176
2022-04-02 09:00:00+09:00,-0.302382,0.924280,-2.269841,-1.249725
2022-04-03 09:00:00+09:00,-0.217647,1.298766,-1.915085,-1.353126
2022-04-04 09:00:00+09:00,-0.176163,1.219965,-1.901533,-1.186130
2022-04-05 09:00:00+09:00,-0.094028,0.990403,-2.155487,-1.051305
2022-04-06 09:00:00+09:00,-0.226249,1.412430,-2.170395,-1.201540
2022-04-07 09:00:00+09:00,-0.097896,1.486765,-2.119849,-1.042831
2022-04-08 09:00:00+09:00,-0.199078,1.574248,-2.272691,-1.082507
2022-04-09 09:00:00+09:00,-0.180887,1.561926,-2.248211,-1.074067
2022-04-10 09:00:00+09:00,-0.218652,1.529415,-2.214758,-1.039947
2022-04-11 09:00:00+09:00,-0.468605,1.282617,-2.434020,-1.492380
2022-04-12 09:00:00+09:00,-0.507215,1.500596,-2.251088,-1.586056
2022-04-13 09:00:00+09:00,-0.353908,1.673800,-2.259951,-1.129003
2022-04-14 09:00:00+09:00,-0.474975,1.596442,-2.305273,-1.347787
2022-04-15 09:00:00+09:00,-0.440971,1.581854,-2.276300,-1.336224
2022-04-16 09:00:00+09:00,-0.448381,1.567526,-2.248253,-1.324816
2022-04-17 09:00:00+09:00,-0.443619,1.553721,-2.221788,-1.313542
2022-04-18 09:00:00+09:00,-0.376380,1.742132,-2.044172,-0.983771
2022-04-19 09:00:00+09:00,-0.285976,1.001793,-2.315330,-0.517577
2022-04-20 09:00:00+09:00,-0.219473,0.960875,-2.106786,-0.320178
2022-04-21 09:00:00+09:00,0.058672,1.001164,-2.442117,-0.237155
2022-04-22 09:00:00+09:00,0.125125,0.825066,-2.395984,-0.746598
2022-04-23 09:00:00+09:00,-0.012303,0.818297,-2.366614,-0.740248
2022-04-24 09:00:00+09:00,-0.046973,0.685299,-2.311211,-0.783755
2022-04-25 09:00:00+09:00,0.006321,0.082110,-2.045365,-0.450503
2022-04-26 09:00:00+09:00,-0.171358,0.463936,-1.591371,-0.936750
2022-04-27 09:00:00+09:00,-0.104645,0.741954,-1.891515,-0.794625
2022-04-28 09:00:00+09:00,-0.114132,0.883350,-1.994796,-0.781097
2022-04-29 09:00:00+09:00,-0.230490,1.138592,-2.143885,-1.428811
2022-04-30 09:00:00+09:00,-0.278767,1.130700,-2.123320,-1.416590
2022-05-01 09:00:00+09:00,-0.260802,0.985875,-2.102986,-1.722753
2022-05-02 09:00:00+09:00,-0.272836,0.300216,-2.269926,-1.725728
2022-05-03 09:00:00+09:00,-0.189766,0.265796,-2.270413,-1.784636
2022-05-04 09:00:00+09:00,-0.047504,0.318739,-1.916782,-0.839637
2022-05-05 09:00:00+09:00,-0.601159,0.354687,-1.971765,-1.549253
2022-05-06 09:00:00+09:00,-0.630124,0.442611,-2.127866,-1.631001
2022-05-07 09:00:00+09:00,-0.721651,0.436567,-2.106548,-1.616198
2022-05-08 09:00:00+09:00,-0.894708,0.239836,-2.093982,-1.539862
2022-05-09 09:00:00+09:00,-1.154944,-0.164205,-1.751936,-2.191727
2022-05-10 09:00:00+09:00,-1.107638,-0.512072,-1.677420,-2.351086
2022-05-11 09:00:00+09:00,-1.203532,-0.362945,-1.186967,-2.294315
2022-05-12 09:00:00+09:00,-1.132732,-0.810392,-1.399578,-1.988014
2022-05-13 09:00:00+09:00,-1.099520,-1.030324,-1.553608,-1.592364
2022-05-14 09:00:00+09:00,-1.031507,-1.033137,-1.542189,-1.578366
2022-05-15 09:00:00+09:00,-0.959678,-1.383280,-1.313391,-1.502732
2022-05-16 09:00:00+09:00,-1.144952,-1.136877,-1.076594,-1.802247
2022-05-17 09:00:00+09:00,-1.070659,-1.279343,-1.375847,-1.481605
2022-05-18 09:00:00+09:00,-1.014163,-1.696389,-1.309029,-1.783218
2022-05-19 09:00:00+09:00,-0.862864,-1.346017,-1.288684,-1.744069
2022-05-20 09:00:00+09:00,-0.943092,-1.343302,-1.131720,-1.723913
2022-05-21 09:00:00+09:00,-0.824820,-1.348420,-1.123430,-1.706444
2022-05-22 09:00:00+09:00,-0.666407,-1.351362,-1.115552,-1.689246
2022-05-23 09:00:00+09:00,-0.832323,-1.368872,-1.299822,-1.224561
2022-05-24 09:00:00+09:00,-0.723272,-1.184507,-0.846029,-1.047193
2022-05-25 09:00:00+09:00,-0.787837,-1.615876,-0.850889,-1.126669
2022-05-26 09:00:00+09:00,-0.854401,-1.112232,-0.851134,-1.157446
2022-05-27 09:00:00+09:00,-0.889481,-1.059552,-0.796834,-0.750448
2022-05-28 09:00:00+09:00,-0.788387,-1.057937,-0.790296,-0.744004
2022-05-29 09:00:00+09:00,-1.023882,-1.220633,-1.158084,-0.697137
2022-05-30 09:00:00+09:00,-0.917333,-1.740155,-1.467859,-0.430328
2022-05-31 09:00:00+09:00,-0.885614,-1.578281,-1.306435,-0.839499
2022-06-01 09:00:00+09:00,-0.942882,-1.720471,-1.623734,-0.869861
2022-06-02 09:00:00+09:00,-0.710726,-1.784010,-1.882148,-0.426185
2022-06-03 09:00:00+09:00,-0.776980,-2.026106,-1.926663,-0.697785
2022-06-04 09:00:00+09:00,-0.704670,-2.008860,-1.908266,-0.691877
2022-06-05 09:00:00+09:00,-0.671901,-2.306658,-1.754184,-0.179270
2022-06-06 09:00:00+09:00,-0.596153,-2.823026,-1.770428,0.004314
2022-06-07 09:00:00+09:00,-0.790824,-2.132070,-1.426605,-0.268294
2022-06-08 09:00:00+09:00,-0.714179,-2.193980,-1.386536,-0.377541
2022-06-09 09:00:00+09:00,-0.678764,-2.045469,-1.394694,-0.562309
2022-06-10 09:00:00+09:00,-0.756887,-1.771577,-1.698766,-1.046390
2022-06-11 09:00:00+09:00,-0.745464,-1.759262,-1.683200,-1.039148
2022-06-12 09:00:00+09:00,-0.959054,-1.500178,-1.261824,-0.911093
2022-06-13 09:00:00+09:00,-1.254998,-1.651365,-1.806104,-1.857808
2022-06-14 09:00:00+09:00,-1.339883,-1.632440,-1.992605,-2.218786
2022-06-15 09:00:00+09:00,-1.299097,-1.923528,-1.478888,-2.156132
2022-06-16 09:00:00+09:00,-1.479338,-1.419438,-1.353238,-2.744320
2022-06-17 09:00:00+09:00,-1.477113,-1.530872,-1.332164,-2.663856
2022-06-18 09:00:00+09:00,-1.539685,-1.525992,-1.320796,-2.616129
2022-06-19 09:00:00+09:00,-1.413888,-1.524882,-0.894848,-2.564880
2022-06-20 09:00:00+09:00,-1.451583,-1.435020,-0.711594,-2.664035
2022-06-21 09:00:00+09:00,-1.456196,-1.614466,-1.085914,-2.150902
2022-06-22 09:00:00+09:00,-1.539746,-1.868965,-0.495913,-2.321519
2022-06-23 09:00:00+09:00,-1.474038,-1.867295,0.031356,-2.231676
2022-06-24 09:00:00+09:00,-1.473557,-1.846137,-0.082918,-1.815585
2022-06-25 09:00:00+09:00,-1.534203,-1.834056,-0.079616,-1.795943
2022-06-26 09:00:00+09:00,-1.586002,-1.677127,-0.151889,-1.869251
2022-06-27 09:00:00+09:00,-1.633773,-1.443305,-0.497255,-2.040288
2022-06-28 09:00:00+09:00,-1.667841,-1.696383,-0.578626,-2.188492
2022-06-29 09:00:00+09:00,-1.650902,-1.882485,-0.374131,-1.975066
2022-06-30 09:00:00+09:00,-1.708246,-1.667487,0.096260,-2.100580
2022-07-01 09:00:00+09:00,-1.738657,-1.710317,0.453688,-1.946748
2022-07-02 09:00:00+09:00,-1.762774,-1.696315,0.454070,-1.924065
2022-07-03 09:00:00+09:00,-1.761330,-1.782409,0.476586,-1.998474
2022-07-04 09:00:00+09:00,-1.646517,-1.703914,0.880298,-1.823837
2022-07-05 09:00:00+09:00,-1.553914,-2.034547,1.121276,-1.667259
2022-07-06 09:00:00+09:00,-1.527709,-2.434810,0.913676,-1.658862
2022-07-07 09:00:00+09:00,-1.372350,-2.440160,0.875120,-1.429126
2022-07-08 09:00:00+09:00,-1.381832,-2.380284,0.668473,-1.427137
2022-07-09 09:00:00+09:00,-1.365682,-2.349220,0.667980,-1.414959
2022-07-10 09:00:00+09:00,-1.301724,-2.343211,0.828293,-1.191715
2022-07-11 09:00:00+09:00,-1.420470,-2.646551,0.928071,-1.284115
2022-07-12 09:00:00+09:00,-1.533644,-2.737322,0.929914,-1.524019
2022-07-13 09:00:00+09:00,-1.386027,-2.512365,1.376613,-1.416581
2022-07-14 09:00:00+09:00,-1.377047,-2.739648,1.184588,-1.441546
2022-07-15 09:00:00+09:00,-1.337318,-2.707116,1.298533,-1.195969
2022-07-16 09:00:00+09:00,-1.258358,-2.657455,1.296294,-1.186888
2022-07-17 09:00:00+09:00,-1.353990,-2.699630,1.392576,-1.175396
2022-07-18 09:00:00+09:00,-1.216025,-2.391174,1.513287,-1.465918
2022-07-19 09:00:00+09:00,-1.115265,-2.322154,1.094092,-1.110371
2022-07-20 09:00:00+09:00,-1.079885,-2.322775,1.245042,-0.838589
2022-07-21 09:00:00+09:00,-1.033746,-2.071851,1.602678,-0.333741
2022-07-22 09:00:00+09:00,-1.062936,-1.922755,1.973859,-0.453705
2022-07-23 09:00:00+09:00,-1.085968,-1.900441,1.955399,-0.448101
2022-07-24 09:00:00+09:00,-1.130465,-1.586370,1.724828,-0.518341
2022-07-25 09:00:00+09:00,-1.122173,-1.704803,1.375515,-0.107701
2022-07-26 09:00:00+09:00,-1.205746,-1.577748,1.562550,-0.289732
2022-07-27 09:00:00+09:00,-1.039051,-1.572460,1.664731,-0.264854
2022-07-28 09:00:00+09:00,-0.842586,-1.452078,2.146291,0.433900
2022-07-29 09:00:00+09:00,-0.773205,-1.332619,2.134782,0.646239
2022-07-30 09:00:00+09:00,-0.843103,-1.321316,2.111203,0.652057
2022-07-31 09:00:00+09:00,-0.880349,-0.931491,2.326472,0.573270
2022-08-01 09:00:00+09:00,-0.818014,-0.931022,2.442304,0.465114
2022-08-02 09:00:00+09:00,-0.995646,-0.893435,1.771124,-0.052741
2022-08-03 09:00:00+09:00,-0.771088,-1.058005,2.196470,0.711778
2022-08-04 09:00:00+09:00,-0.749273,-0.851003,2.501434,0.789973
2022-08-05 09:00:00+09:00,-0.607520,-0.980588,2.022685,0.766631
2022-08-06 09:00:00+09:00,-0.513382,-0.976363,2.003581,0.767991
2022-08-07 09:00:00+09:00,-0.062663,-0.776759,1.762534,1.267288
2022-08-08 09:00:00+09:00,-0.041717,-0.511138,1.824596,1.208748
2022-08-09 09:00:00+09:00,0.130616,-0.554854,1.540449,1.396706
2022-08-10 09:00:00+09:00,0.258765,-0.295181,1.452156,1.739194
2022-08-11 09:00:00+09:00,0.234767,-0.206129,1.404111,1.349177
2022-08-12 09:00:00+09:00,0.203216,-0.128442,1.515919,1.608917
2022-08-13 09:00:00+09:00,0.051319,-0.129890,1.509841,1.598448
2022-08-14 09:00:00+09:00,0.228586,-0.184981,1.381818,1.649328
2022-08-15 09:00:00+09:00,0.127385,-0.377736,1.691578,1.394173
2022-08-16 09:00:00+09:00,0.331376,-0.429062,1.440041,2.059624
2022-08-17 09:00:00+09:00,0.018806,-0.754406,1.133473,2.024417
2022-08-18 09:00:00+09:00,0.155630,-0.799595,1.052911,2.045153
2022-08-19 09:00:00+09:00,-0.285355,-0.862397,0.803884,1.833899
2022-08-20 09:00:00+09:00,-0.338703,-0.858140,0.803530,1.827725
2022-08-21 09:00:00+09:00,-0.110256,-0.902869,0.976337,1.541560
2022-08-22 09:00:00+09:00,-0.203007,-1.152688,0.605831,1.336711
2022-08-23 09:00:00+09:00,-0.162997,-0.886664,0.480517,1.161303
2022-08-24 09:00:00+09:00,-0.142459,-0.882768,0.401418,0.916703
2022-08-25 09:00:00+09:00,-0.011174,-0.823748,0.543932,0.768314
2022-08-26 09:00:00+09:00,-0.282721,-1.001447,0.513389,0.281118
2022-08-27 09:00:00+09:00,-0.398274,-0.994069,0.516271,0.285783
2022-08-28 09:00:00+09:00,-0.728661,-0.987011,0.518294,0.291949
2022-08-29 09:00:00+09:00,-0.613546,-0.907922,0.656572,0.291629
2022-08-30 09:00:00+09:00,-0.465471,-1.020805,0.809941,0.246616
2022-08-31 09:00:00+09:00,-0.493913,-1.280655,0.651024,-0.116333
2022-09-01 09:00:00+09:00,-0.378716,-1.243497,0.481639,0.165390
2022-09-02 09:00:00+09:00,-0.418266,-1.122685,0.644322,0.017672
2022-09-03 09:00:00+09:00,-0.447525,-1.113921,0.646962,0.024046
2022-09-04 09:00:00+09:00,-0.592343,-1.057038,0.867076,-0.014229
2022-09-05 09:00:00+09:00,-0.595042,-1.113180,0.754180,-0.141750
2022-09-06 09:00:00+09:00,-0.663840,-1.216194,0.542180,-0.035773
2022-09-07 09:00:00+09:00,-0.554937,-1.059140,0.758735,0.609720
2022-09-08 09:00:00+09:00,-0.404112,-1.283188,0.939851,1.190485
2022-09-09 09:00:00+09:00,0.142917,-1.205559,0.943342,1.448287
2022-09-10 09:00:00+09:00,0.491633,-1.195752,0.943887,1.460206
2022-09-11 09:00:00+09:00,1.457309,-0.853367,1.469664,2.136786
2022-09-12 09:00:00+09:00,1.689143,-0.600206,1.627895,2.387321
2022-09-13 09:00:00+09:00,1.026732,-0.836614,1.049546,1.401517
2022-09-14 09:00:00+09:00,1.586612,-1.135976,0.874132,2.017326
2022-09-15 09:00:00+09:00,1.391655,-1.307457,0.765907,1.786577
2022-09-16 09:00:00+09:00,1.839111,-1.244822,0.788991,1.666908
2022-09-17 09:00:00+09:00,1.465569,-1.234793,0.788578,1.669680
2022-09-18 09:00:00+09:00,1.238384,-1.224858,0.788615,1.674440
2022-09-19 09:00:00+09:00,1.235684,-1.252552,0.855805,1.390070
2022-09-20 09:00:00+09:00,1.235939,-1.293362,0.317397,1.233283
2022-09-21 09:00:00+09:00,0.844454,-1.179359,0.271856,0.801134
2022-09-22 09:00:00+09:00,1.042425,-1.125349,-0.054095,0.188236
2022-09-23 09:00:00+09:00,0.936766,-1.323740,-0.016487,-0.078200
2022-09-24 09:00:00+09:00,0.948889,-1.312541,-0.013845,-0.072070
2022-09-25 09:00:00+09:00,0.978451,-1.260621,0.148690,-0.019278
2022-09-26 09:00:00+09:00,1.209612,-1.403314,-0.356373,0.144418
2022-09-27 09:00:00+09:00,1.215755,-1.336353,-0.763282,0.125671
2022-09-28 09:00:00+09:00,1.386523,-0.981484,-0.353378,0.587025
2022-09-29 09:00:00+09:00,1.568303,-0.950569,-0.772907,0.071809
2022-09-30 09:00:00+09:00,1.519811,-0.911845,-0.837722,-0.167355
2022-10-01 09:00:00+09:00,1.454384,-0.905199,-0.830999,-0.165360
2022-10-02 09:00:00+09:00,1.103090,-0.898797,-0.824346,-0.163655
2022-10-03 09:00:00+09:00,1.268643,-0.353693,-0.594640,0.219269
2022-10-04 09:00:00+09:00,1.358850,0.107568,-0.295645,0.651649
2022-10-05 09:00:00+09:00,1.018618,0.001839,-0.386404,0.372634
2022-10-06 09:00:00+09:00,0.934143,-0.016843,-0.366740,0.217685
2022-10-07 09:00:00+09:00,0.852857,-0.110371,-0.499758,-0.232396
2022-10-08 09:00:00+09:00,0.991110,-0.108970,-0.495208,-0.230471
2022-10-09 09:00:00+09:00,1.226715,-0.019978,-0.707749,-0.046417
2022-10-10 09:00:00+09:00,1.311433,-0.245771,-0.927842,-0.016416
2022-10-11 09:00:00+09:00,1.029806,-0.235521,-0.968277,-0.047288
2022-10-12 09:00:00+09:00,0.958164,-0.057570,-0.720578,-0.049509
2022-10-13 09:00:00+09:00,0.944479,-0.041640,-0.923697,0.056159
2022-10-14 09:00:00+09:00,0.797222,-0.285336,-1.069359,-0.320237
2022-10-15 09:00:00+09:00,0.860242,-0.283532,-1.062223,-0.318155
2022-10-16 09:00:00+09:00,0.510294,-0.338459,-0.976277,-0.185016
2022-10-17 09:00:00+09:00,0.386808,-0.211498,-0.817608,-0.201086
2022-10-18 09:00:00+09:00,0.362727,-0.191524,-0.716955,-0.112398
2022-10-19 09:00:00+09:00,0.325402,-0.484934,-1.295786,-0.367440
2022-10-20 09:00:00+09:00,0.393502,-0.570993,-1.775249,-0.343254
2022-10-21 09:00:00+09:00,0.472411,-0.396697,-1.698853,0.026374
2022-10-22 09:00:00+09:00,0.446168,-0.394847,-1.681487,0.026127
2022-10-23 09:00:00+09:00,0.818589,-0.326888,-1.574400,0.005002
2022-10-24 09:00:00+09:00,0.783814,-0.333120,-1.601728,0.380504
2022-10-25 09:00:00+09:00,0.584306,-0.307664,-1.324619,0.222902
2022-10-26 09:00:00+09:00,0.551710,-0.462590,-1.434396,-0.087968
2022-10-27 09:00:00+09:00,0.440643,-0.585383,-1.253648,-0.404133
2022-10-28 09:00:00+09:00,0.540976,-0.755867,-1.373390,-0.023124
2022-10-29 09:00:00+09:00,0.658151,-0.750076,-1.361692,-0.024387
2022-10-30 09:00:00+09:00,0.613822,-0.790722,-1.494797,0.019428
2022-10-31 09:00:00+09:00,0.647416,-0.830858,-1.248215,0.005413
2022-11-01 09:00:00+09:00,0.668948,-0.646765,-1.344879,-0.305532
2022-11-02 09:00:00+09:00,0.630434,-0.870108,-1.499620,-0.685525
2022-11-03 09:00:00+09:00,0.496061,-0.896965,-1.235812,-0.819154
2022-11-04 09:00:00+09:00,0.793095,-0.512319,-1.279038,-0.609881
2022-11-05 09:00:00+09:00,0.772119,-0.506758,-1.269009,-0.606476
2022-11-06 09:00:00+09:00,0.543716,-0.610445,-1.401932,-0.585046
2022-11-07 09:00:00+09:00,0.599993,-0.627192,-1.403239,-0.369560
2022-11-08 09:00:00+09:00,-0.053467,-0.335729,-1.244278,-0.604609
2022-11-09 09:00:00+09:00,-0.682119,-0.298775,-0.988951,-0.905449
2022-11-10 09:00:00+09:00,-0.352718,-0.024451,-0.530267,-0.343235
2022-11-11 09:00:00+09:00,-0.482037,0.117111,-0.578059,-0.198615
2022-11-12 09:00:00+09:00,-0.517105,0.125472,-0.573475,-0.197216
2022-11-13 09:00:00+09:00,-0.589894,0.281890,-0.647926,-0.258123
2022-11-14 09:00:00+09:00,-0.485011,0.432294,-0.673687,-0.428139
2022-11-15 09:00:00+09:00,-0.327116,0.566389,-0.313358,-0.183770
2022-11-16 09:00:00+09:00,-0.354293,0.618395,-0.173562,-0.349161
2022-11-17 09:00:00+09:00,0.105758,0.591162,-0.125242,-0.196860
2022-11-18 09:00:00+09:00,0.046796,0.520154,-0.213576,-0.125354
2022-11-19 09:00:00+09:00,-0.025857,0.532856,-0.211693,-0.128598
2022-11-20 09:00:00+09:00,-0.107993,0.677592,-0.098228,0.213921
2022-11-21 09:00:00+09:00,-0.263839,0.424424,-0.051678,0.183644
2022-11-22 09:00:00+09:00,-0.130508,0.433985,0.180631,0.351820
2022-11-23 09:00:00+09:00,-0.058961,0.408885,0.152725,0.218120
2022-11-24 09:00:00+09:00,0.229052,0.631144,0.181159,0.780679
2022-11-25 09:00:00+09:00,0.257966,0.723002,0.171451,0.773408
2022-11-26 09:00:00+09:00,0.344255,0.730823,0.169745,0.770896
2022-11-27 09:00:00+09:00,0.180659,0.734645,0.315703,0.880907
2022-11-28 09:00:00+09:00,0.232393,0.747739,0.331004,0.802425
2022-11-29 09:00:00+09:00,0.239431,0.950332,0.325347,0.903434
2022-11-30 09:00:00+09:00,0.425479,1.106656,0.765585,1.361532
2022-12-01 09:00:00+09:00,0.406779,1.550343,0.899138,1.520951
2022-12-02 09:00:00+09:00,0.475587,1.502945,0.945758,1.488753
2022-12-03 09:00:00+09:00,0.387229,1.510402,0.938344,1.477411
2022-12-04 09:00:00+09:00,0.495078,1.518489,0.930975,1.465242
2022-12-05 09:00:00+09:00,0.705920,1.326285,0.950674,1.220602
2022-12-06 09:00:00+09:00,0.624314,1.186937,0.933187,0.678631
2022-12-07 09:00:00+09:00,0.546847,1.446855,1.255539,0.540443
2022-12-08 09:00:00+09:00,0.175376,1.395104,1.092563,0.415879
2022-12-09 09:00:00+09:00,0.089146,1.496636,0.888171,0.297592
2022-12-10 09:00:00+09:00,0.073762,1.497212,0.881444,0.296664
2022-12-11 09:00:00+09:00,-0.049484,1.370254,0.938527,0.130090
2022-12-12 09:00:00+09:00,0.437892,1.444794,1.042626,1.066416
2022-12-13 09:00:00+09:00,0.623156,1.901924,1.257607,1.124549
2022-12-14 09:00:00+09:00,0.778047,2.195041,1.410418,1.204987
2022-12-15 09:00:00+09:00,0.632142,1.788974,1.427866,0.903301
2022-12-16 09:00:00+09:00,0.337068,1.934138,1.348509,0.718512
2022-12-17 09:00:00+09:00,0.565756,1.937651,1.336905,0.715566
2022-12-18 09:00:00+09:00,0.527227,2.005242,1.399920,0.603710
2022-12-19 09:00:00+09:00,0.605261,2.054647,1.337328,0.636432
2022-12-20 09:00:00+09:00,0.850987,2.304888,1.032902,0.925881
2022-12-21 09:00:00+09:00,0.585273,2.230338,1.452406,1.299202
2022-12-22 09:00:00+09:00,0.622188,2.216509,1.399083,1.335570
2022-12-23 09:00:00+09:00,0.712837,2.313668,1.268944,1.421018
2022-12-24 09:00:00+09:00,0.768696,2.310694,1.258435,1.409205
2022-12-25 09:00:00+09:00,0.651955,2.572826,1.684543,1.567749
2022-12-26 09:00:00+09:00,0.710242,2.525107,1.846294,1.589180
2022-12-27 09:00:00+09:00,0.566099,2.309366,1.034684,1.197009
2022-12-28 09:00:00+09:00,0.482815,2.244182,1.084459,1.341125
2022-12-29 09:00:00+09:00,0.558555,2.311246,1.268766,1.863461
2022-12-30 09:00:00+09:00,0.590595,2.297546,1.151479,1.803266
2022-12-31 09:00:00+09:00,0.657271,2.281935,1.142533,1.785941
2023-01-01 09:00:00+09:00,0.532159,1.920591,0.831418,1.360632
2023-01-02 09:00:00+09:00,0.376133,1.598330,0.772062,0.883038
2023-01-03 09:00:00+09:00,0.426092,1.902889,1.210175,0.847912
2023-01-04 09:00:00+09:00,0.546932,2.025381,1.540910,1.119229
2023-01-05 09:00:00+09:00,0.659669,1.957791,1.617303,1.373582
2023-01-06 09:00:00+09:00,0.741388,2.252098,1.934844,1.718803
2023-01-07 09:00:00+09:00,0.739552,2.241890,1.913926,1.701097
2023-01-08 09:00:00+09:00,0.880840,2.598903,2.046177,1.802468
2023-01-09 09:00:00+09:00,0.949194,2.523443,2.023732,1.874014
2023-01-10 09:00:00+09:00,1.008245,2.574186,1.756395,2.014653
2023-01-11 09:00:00+09:00,1.113813,2.574229,2.010627,1.789430
2023-01-12 09:00:00+09:00,1.488709,3.055109,2.358655,2.197939
2023-01-13 09:00:00+09:00,1.869759,3.217991,2.191141,2.230352
2023-01-14 09:00:00+09:00,2.134221,3.153908,2.164668,2.199284
2023-01-15 09:00:00+09:00,1.978241,2.928508,2.112349,1.769306
2023-01-16 09:00:00+09:00,2.121537,2.957698,2.023077,1.580383
2023-01-17 09:00:00+09:00,2.159640,3.023181,2.183308,1.636443
2023-01-18 09:00:00+09:00,2.009630,2.903391,2.675127,1.506405
2023-01-19 09:00:00+09:00,2.070037,2.795726,2.526179,1.035136
2023-01-20 09:00:00+09:00,2.525922,2.779488,2.324888,1.301209
2023-01-21 09:00:00+09:00,2.387191,2.727592,2.292221,1.290220
2023-01-22 09:00:00+09:00,2.411100,2.699431,2.290781,1.106798
2023-01-23 09:00:00+09:00,2.182199,2.617728,1.888226,1.035231
2023-01-24 09:00:00+09:00,1.856411,2.522645,1.882934,1.124408
2023-01-25 09:00:00+09:00,2.120504,2.568736,1.723257,1.201752
2023-01-26 09:00:00+09:00,1.972750,2.624335,1.741254,0.997646
2023-01-27 09:00:00+09:00,1.894052,2.574781,1.688190,1.025802
2023-01-28 09:00:00+09:00,1.915125,2.531193,1.671169,1.017693
2023-01-29 09:00:00+09:00,2.138178,2.522435,1.758827,1.118349
2023-01-30 09:00:00+09:00,1.862795,2.358103,1.673128,0.979852
2023-01-31 09:00:00+09:00,2.022698,2.365926,1.810230,1.556716
2023-02-01 09:00:00+09:00,2.139107,2.477108,2.053472,1.856117
2023-02-02 09:00:00+09:00,1.767508,1.972867,2.067257,1.851239
2023-02-03 09:00:00+09:00,1.705275,1.567209,1.798239,1.676320
2023-02-04 09:00:00+09:00,1.758457,1.553281,1.778773,1.659497
2023-02-05 09:00:00+09:00,1.735826,1.507617,1.838947,1.503617
2023-02-06 09:00:00+09:00,2.311479,1.241625,1.481631,1.321485
2023-02-07 09:00:00+09:00,3.476118,1.285331,1.339857,1.799448
2023-02-08 09:00:00+09:00,2.593682,1.014919,0.926684,0.854356
2023-02-09 09:00:00+09:00,2.433712,0.818588,0.867115,0.601213
2023-02-10 09:00:00+09:00,2.434248,0.789577,0.755682,0.626943
2023-02-11 09:00:00+09:00,2.629841,0.783672,0.749266,0.622642
2023-02-12 09:00:00+09:00,2.459344,0.723711,0.795071,0.742422
2023-02-13 09:00:00+09:00,2.329070,0.642840,0.679018,0.776411
2023-02-14 09:00:00+09:00,2.487326,0.657317,0.415124,0.882414
2023-02-15 09:00:00+09:00,3.009087,0.604150,0.492392,0.958104
2023-02-16 09:00:00+09:00,2.758238,0.715392,0.491220,0.695505
2023-02-17 09:00:00+09:00,2.948152,0.699137,0.546717,0.652295
2023-02-18 09:00:00+09:00,3.068744,0.693861,0.540695,0.647046
2023-02-19 09:00:00+09:00,3.120638,0.793363,0.548709,0.695030
2023-02-20 09:00:00+09:00,3.022973,0.781027,0.416154,0.505344
2023-02-21 09:00:00+09:00,2.706486,0.677217,0.049805,0.148487
2023-02-22 09:00:00+09:00,2.602011,0.664965,0.083096,0.121183
2023-02-23 09:00:00+09:00,2.533269,0.505311,0.169933,0.188552
2023-02-24 09:00:00+09:00,2.334046,0.438777,0.029334,0.037273
2023-02-25 09:00:00+09:00,2.306657,0.435058,0.023569,0.028685
2023-02-26 09:00:00+09:00,2.450752,0.524591,0.009634,0.235678
2023-02-27 09:00:00+09:00,2.328733,0.517652,0.168475,0.293844
2023-02-28 09:00:00+09:00,1.974955,0.611555,-0.003290,-0.184520
2023-03-01 09:00:00+09:00,2.135579,0.282624,-0.427701,-0.248308
2023-03-02 09:00:00+09:00,2.033976,0.286159,-0.563763,-0.134972
2023-03-03 09:00:00+09:00,1.812006,0.376833,-0.388045,0.087680
2023-03-04 09:00:00+09:00,1.726656,0.372672,-0.389520,0.080527
2023-03-05 09:00:00+09:00,1.779284,0.567198,-0.164552,0.340900
2023-03-06 09:00:00+09:00,1.728930,0.550675,-0.344738,0.565114
2023-03-07 09:00:00+09:00,1.740996,0.204523,-0.538976,0.350396
2023-03-08 09:00:00+09:00,1.495802,0.170855,-0.422546,0.249849
2023-03-09 09:00:00+09:00,1.200417,0.214741,-0.118350,0.068117
2023-03-10 09:00:00+09:00,1.153399,0.429597,0.296027,-0.165697
2023-03-11 09:00:00+09:00,1.258486,0.425227,0.293413,-0.176354
2023-03-12 09:00:00+09:00,1.581709,0.543791,0.323759,-0.408559
2023-03-13 09:00:00+09:00,1.863544,0.636779,0.393097,-0.557284
2023-03-14 09:00:00+09:00,1.960890,0.639330,0.111572,-0.215154
2023-03-15 09:00:00+09:00,2.002412,0.988107,0.395170,0.071690
2023-03-16 09:00:00+09:00,2.383087,0.835881,0.243763,0.545339
2023-03-17 09:00:00+09:00,2.850691,1.171348,0.512637,0.349655
2023-03-18 09:00:00+09:00,2.712457,1.162344,0.509464,0.342840
2023-03-19 09:00:00+09:00,3.033764,1.170540,0.695783,0.493504
2023-03-20 09:00:00+09:00,2.743146,1.017918,0.767783,0.625702
2023-03-21 09:00:00+09:00,2.824665,0.734814,0.532149,0.587094
2023-03-22 09:00:00+09:00,2.584361,0.999409,0.841710,0.544569
2023-03-23 09:00:00+09:00,2.782659,1.246644,1.077914,0.486534
2023-03-24 09:00:00+09:00,2.539402,1.158917,1.079010,0.583682
2023-03-25 09:00:00+09:00,2.505930,1.151643,1.073032,0.577816
2023-03-26 09:00:00+09:00,2.551107,1.144790,1.067418,0.571959
2023-03-27 09:00:00+09:00,2.404482,0.790741,0.969573,0.675406
2023-03-28 09:00:00+09:00,2.456534,0.974170,1.005691,0.873535
2023-03-29 09:00:00+09:00,2.617671,0.836677,0.847079,0.805502
2023-03-30 09:00:00+09:00,2.525839,0.927037,0.975663,0.960440
2023-03-31 09:00:00+09:00,2.600307,0.841509,1.099781,1.237273
2023-04-01 09:00:00+09:00,2.520110,0.834866,1.096167,1.228072
2023-04-02 09:00:00+09:00,2.419686,0.828072,1.091641,1.219329
2023-04-03 09:00:00+09:00,2.308010,0.774607,1.014409,1.363720
2023-04-04 09:00:00+09:00,2.294274,0.934957,0.982126,1.086406
2023-04-05 09:00:00+09:00,2.276202,1.055706,1.107943,1.262262
2023-04-06 09:00:00+09:00,2.183216,0.762887,0.819491,0.874639
2023-04-07 09:00:00+09:00,2.132384,0.756396,0.819398,0.869307
2023-04-08 09:00:00+09:00,2.068585,0.749931,0.819305,0.864006
2023-04-09 09:00:00+09:00,2.085821,0.680425,0.762593,0.873474
2023-04-10 09:00:00+09:00,2.230598,0.525076,0.682994,0.750747
2023-04-11 09:00:00+09:00,2.159403,0.606345,0.528431,0.495335
2023-04-12 09:00:00+09:00,1.848923,0.489284,0.396116,0.347140
2023-04-13 09:00:00+09:00,1.603727,0.525604,0.446060,0.522595
2023-04-14 09:00:00+09:00,1.351794,0.254577,0.336728,0.479944
2023-04-15 09:00:00+09:00,1.336302,0.249857,0.339288,0.477548
2023-04-16 09:00:00+09:00,1.260422,0.245605,0.340995,0.477911
2023-04-17 09:00:00+09:00,1.118815,0.267374,0.269656,0.581101
2023-04-18 09:00:00+09:00,1.360966,0.374616,0.005262,0.904950
2023-04-19 09:00:00+09:00,1.019426,0.160545,0.001995,1.056659
2023-04-20 09:00:00+09:00,0.619674,0.212173,0.282285,0.569845
2023-04-21 09:00:00+09:00,0.458608,0.018269,0.228706,0.589990
2023-04-22 09:00:00+09:00,0.540752,0.016578,0.230146,0.592544
2023-04-23 09:00:00+09:00,0.466707,0.009808,0.304088,0.366641
2023-04-24 09:00:00+09:00,0.503898,0.025111,0.285810,0.398889
2023-04-25 09:00:00+09:00,0.526930,0.004720,0.485247,0.102127
2023-04-26 09:00:00+09:00,0.552706,0.029210,0.477894,-0.173864
2023-04-27 09:00:00+09:00,0.687874,0.057541,0.362449,0.157554
2023-04-28 09:00:00+09:00,0.671438,0.054664,0.530363,0.324182
2023-04-29 09:00:00+09:00,0.522410,0.050395,0.528093,0.330085
2023-04-30 09:00:00+09:00,0.684774,0.086629,0.597931,0.593319
2023-05-01 09:00:00+09:00,0.457260,-0.012241,0.211859,0.298102
2023-05-02 09:00:00+09:00,0.435159,0.209895,0.340204,-0.131460
2023-05-03 09:00:00+09:00,0.518451,0.389169,0.494279,-0.542934
2023-05-04 09:00:00+09:00,0.494615,0.930280,0.733342,-0.480415
2023-05-05 09:00:00+09:00,0.606982,0.702804,0.605343,-0.130740
2023-05-06 09:00:00+09:00,0.578759,0.696551,0.601698,-0.132688
2023-05-07 09:00:00+09:00,0.542869,0.664508,0.796065,-0.015108
2023-05-08 09:00:00+09:00,0.336468,0.679740,0.707256,-0.256344
2023-05-09 09:00:00+09:00,0.382265,0.700429,0.592147,-0.131660
2023-05-10 09:00:00+09:00,0.579801,0.741125,0.861935,0.124921
2023-05-11 09:00:00+09:00,0.509895,0.646143,1.052636,0.044755
2023-05-12 09:00:00+09:00,0.430908,0.638513,0.907545,0.009430
2023-05-13 09:00:00+09:00,0.437621,0.632366,0.901914,0.005319
2023-05-14 09:00:00+09:00,0.450805,0.714041,0.842869,-0.222520
2023-05-15 09:00:00+09:00,0.406321,0.716818,0.890976,-0.163994
2023-05-16 09:00:00+09:00,0.013328,0.649561,0.879985,-0.348076
2023-05-17 09:00:00+09:00,0.172767,0.520856,0.876702,0.160059
2023-05-18 09:00:00+09:00,-0.070145,0.342943,0.668197,0.406092
2023-05-19 09:00:00+09:00,-0.078641,0.507285,0.580036,0.378079
2023-05-20 09:00:00+09:00,0.001532,0.501150,0.577500,0.379493
2023-05-21 09:00:00+09:00,-0.133368,0.495249,0.576761,0.385616
2023-05-22 09:00:00+09:00,-0.059210,0.521307,0.781708,0.815201
2023-05-23 09:00:00+09:00,0.032312,0.504995,0.774992,0.612457
2023-05-24 09:00:00+09:00,-0.060920,0.542317,0.626362,0.356454
2023-05-25 09:00:00+09:00,0.084264,0.457656,0.618113,0.759821
2023-05-26 09:00:00+09:00,0.123897,0.459460,0.656537,1.033001
2023-05-27 09:00:00+09:00,0.077094,0.453158,0.653049,1.032155
2023-05-28 09:00:00+09:00,0.264140,0.374686,0.581640,0.966724
2023-05-29 09:00:00+09:00,0.277393,0.263638,0.543829,1.027863
2023-05-30 09:00:00+09:00,0.177779,0.293895,0.895044,1.123329
2023-05-31 09:00:00+09:00,0.131222,0.373311,1.067282,0.829115
2023-06-01 09:00:00+09:00,0.269393,0.357469,0.940390,0.693358
2023-06-02 09:00:00+09:00,0.335555,0.135273,0.753647,0.988616
2023-06-03 09:00:00+09:00,0.287820,0.126957,0.747729,0.980962
2023-06-04 09:00:00+09:00,0.291951,0.116798,0.782168,0.958841
2023-06-05 09:00:00+09:00,0.111025,0.475592,0.766427,1.235848
2023-06-06 09:00:00+09:00,0.446715,0.548250,0.780905,1.245815
2023-06-07 09:00:00+09:00,0.584180,0.176612,0.471548,1.551671
2023-06-08 09:00:00+09:00,0.648787,0.046050,0.209022,1.984539
2023-06-09 09:00:00+09:00,0.538493,0.025225,0.123480,1.988949
2023-06-10 09:00:00+09:00,0.116996,0.016747,0.117823,1.968564
2023-06-11 09:00:00+09:00,-0.223018,-0.458106,-0.155194,1.981139
2023-06-12 09:00:00+09:00,-0.314885,-0.475900,0.087538,1.807683
2023-06-13 09:00:00+09:00,-0.256642,-0.759616,-0.393059,2.083582
2023-06-14 09:00:00+09:00,-0.474757,-0.598711,-0.167583,1.707494
2023-06-15 09:00:00+09:00,-0.727270,-1.030812,-0.261091,2.179016
2023-06-16 09:00:00+09:00,-0.571775,-1.028169,-0.361756,2.077302
2023-06-17 09:00:00+09:00,-0.682848,-1.030785,-0.366314,2.055793
2023-06-18 09:00:00+09:00,-0.671697,-1.113404,-0.281727,1.847850
2023-06-19 09:00:00+09:00,-0.654721,-0.755211,-0.090973,1.562789
2023-06-20 09:00:00+09:00,-0.353233,-1.042656,-0.326799,1.794892
2023-06-21 09:00:00+09:00,-0.274765,-1.467129,-0.441340,1.607963
2023-06-22 09:00:00+09:00,-0.175653,-1.544728,-0.583414,1.554360
2023-06-23 09:00:00+09:00,-0.076378,-1.489607,-0.497874,1.385569
2023-06-24 09:00:00+09:00,-0.169842,-1.490478,-0.506119,1.376565
2023-06-25 09:00:00+09:00,-0.058821,-1.239151,-0.226748,1.333070
2023-06-26 09:00:00+09:00,-0.109885,-1.373235,-0.161340,1.263850
2023-06-27 09:00:00+09:00,-0.214090,-1.405378,-0.209772,1.198450
2023-06-28 09:00:00+09:00,-0.252140,-1.545681,-0.159712,1.066650
2023-06-29 09:00:00+09:00,-0.271246,-1.482674,-0.549840,0.856838
2023-06-30 09:00:00+09:00,-0.261601,-1.381256,-0.511997,1.102404
2023-07-01 09:00:00+09:00,-0.221375,-1.385590,-0.526687,1.094453
2023-07-02 09:00:00+09:00,-0.161656,-1.516200,-0.656987,1.009644
2023-07-03 09:00:00+09:00,-0.149155,-1.830675,-0.939368,1.147661
2023-07-04 09:00:00+09:00,-0.203592,-1.816906,-1.057908,1.191296
2023-07-05 09:00:00+09:00,-0.222615,-1.761591,-1.201822,1.066783
2023-07-06 09:00:00+09:00,-0.289443,-1.858786,-1.420636,0.893583
2023-07-07 09:00:00+09:00,-0.238848,-1.714289,-1.469382,0.826522
2023-07-08 09:00:00+09:00,-0.303223,-1.722661,-1.486922,0.820114
2023-07-09 09:00:00+09:00,-0.497922,-1.539922,-1.255171,0.792542
2023-07-10 09:00:00+09:00,-0.543246,-1.696930,-1.127748,0.838302
2023-07-11 09:00:00+09:00,-0.508202,-1.700460,-1.169005,1.067257
2023-07-12 09:00:00+09:00,-0.571085,-1.750890,-0.840469,0.937745
2023-07-13 09:00:00+09:00,-0.452113,-1.402225,-0.490822,1.168997
2023-07-14 09:00:00+09:00,-0.573423,-1.402831,-0.648568,1.143272
2023-07-15 09:00:00+09:00,-0.579476,-1.411737,-0.667502,1.140923
2023-07-16 09:00:00+09:00,-0.477697,-1.351222,-0.501377,1.062866
2023-07-17 09:00:00+09:00,-0.613596,-1.552580,-0.520957,1.128371
2023-07-18 09:00:00+09:00,-0.453192,-1.219200,-0.440202,1.296265
2023-07-19 09:00:00+09:00,-0.374145,-1.337502,-0.531039,1.501218
2023-07-20 09:00:00+09:00,-0.255172,-1.166787,-0.717231,1.310880
2023-07-21 09:00:00+09:00,-0.327898,-1.206707,-0.705683,1.314367
2023-07-22 09:00:00+09:00,-0.321057,-1.208715,-0.720691,1.310210
2023-07-23 09:00:00+09:00,-0.275382,-1.298015,-0.894116,1.285963
2023-07-24 09:00:00+09:00,-0.526172,-1.377912,-1.307976,1.790675
2023-07-25 09:00:00+09:00,-0.543231,-1.280277,-1.255119,1.955052
2023-07-26 09:00:00+09:00,-0.678550,-1.251754,-0.939068,1.448235
2023-07-27 09:00:00+09:00,-0.685424,-1.468387,-1.553199,1.067970
2023-07-28 09:00:00+09:00,-0.664065,-1.324490,-1.457611,1.320079
2023-07-29 09:00:00+09:00,-0.667981,-1.321233,-1.468746,1.317316
2023-07-30 09:00:00+09:00,-0.518302,-1.255576,-1.083954,1.320974
2023-07-31 09:00:00+09:00,-0.618647,-1.440582,-1.485052,1.665201
2023-08-01 09:00:00+09:00,-0.610072,-1.830440,-1.895159,1.771190
2023-08-02 09:00:00+09:00,-0.667910,-2.013140,-1.951751,1.580594
2023-08-03 09:00:00+09:00,-0.765179,-1.786944,-2.012976,1.009799
2023-08-04 09:00:00+09:00,-0.696991,-1.706942,-1.664515,0.861067
2023-08-05 09:00:00+09:00,-0.641185,-1.695954,-1.665833,0.854171
2023-08-06 09:00:00+09:00,-0.531731,-1.760122,-1.462200,0.835227
2023-08-07 09:00:00+09:00,-0.511260,-1.882788,-1.503242,1.191730
2023-08-08 09:00:00+09:00,-0.423408,-1.900365,-1.582940,0.949021
2023-08-09 09:00:00+09:00,-0.356802,-1.827831,-1.676319,0.799052
2023-08-10 09:00:00+09:00,-0.349300,-1.815665,-1.719846,0.842753
2023-08-11 09:00:00+09:00,-0.355817,-1.809810,-1.877817,0.808781
2023-08-12 09:00:00+09:00,-0.383669,-1.791273,-1.861987,0.803493
2023-08-13 09:00:00+09:00,-0.453892,-1.801053,-1.776277,0.720052
2023-08-14 09:00:00+09:00,-0.412013,-1.564798,-1.710594,1.036620
2023-08-15 09:00:00+09:00,-0.514527,-1.558829,-1.656290,0.407848
2023-08-16 09:00:00+09:00,-0.498009,-1.401134,-1.567637,-0.043128
2023-08-17 09:00:00+09:00,-0.838371,-1.673882,-1.477456,-0.215041
2023-08-18 09:00:00+09:00,-0.980017,-1.641562,-1.374742,-0.228372
2023-08-19 09:00:00+09:00,-0.921524,-1.626617,-1.367924,-0.238021
2023-08-20 09:00:00+09:00,-0.930076,-1.581579,-1.302591,-0.253658
2023-08-21 09:00:00+09:00,-1.003252,-1.489245,-1.540389,0.233832
2023-08-22 09:00:00+09:00,-0.880753,-1.373517,-1.435111,0.354783
2023-08-23 09:00:00+09:00,-0.840852,-1.015919,-0.888976,0.413025
2023-08-24 09:00:00+09:00,-0.928374,-1.019834,-1.059651,-0.314878
2023-08-25 09:00:00+09:00,-0.976534,-1.072069,-1.063041,-0.139584
2023-08-26 09:00:00+09:00,-1.170334,-1.064228,-1.056353,-0.145737
2023-08-27 09:00:00+09:00,-1.110974,-1.056326,-1.049384,-0.152838
2023-08-28 09:00:00+09:00,-1.104852,-1.105200,-1.198817,0.012917
2023-08-29 09:00:00+09:00,-0.770817,-0.990795,-1.089365,0.586206
2023-08-30 09:00:00+09:00,-0.779592,-1.033118,-1.170488,0.412101
2023-08-31 09:00:00+09:00,-1.076991,-0.867302,-0.853492,-0.041324
2023-09-01 09:00:00+09:00,-1.073881,-0.847331,-1.038284,0.007565
2023-09-02 09:00:00+09:00,-1.071912,-0.840752,-1.031740,0.006148
2023-09-03 09:00:00+09:00,-0.834321,-0.879933,-1.014375,0.061916
2023-09-04 09:00:00+09:00,-1.107753,-0.934061,-1.025321,-0.004028
2023-09-05 09:00:00+09:00,-0.973955,-0.852680,-0.981893,-0.017332
2023-09-06 09:00:00+09:00,-1.010573,-1.083146,-1.258413,-0.384020
2023-09-07 09:00:00+09:00,-0.928235,-1.068248,-1.036105,-0.500460
2023-09-08 09:00:00+09:00,-0.882986,-1.052404,-1.023137,-0.457574
2023-09-09 09:00:00+09:00,-0.905157,-1.044088,-1.016793,-0.453987
2023-09-10 09:00:00+09:00,-0.915512,-0.980729,-1.061975,-0.706363
2023-09-11 09:00:00+09:00,-1.042873,-0.846895,-0.893422,-0.714512
2023-09-12 09:00:00+09:00,-0.787323,-1.026032,-0.886537,-0.894407
2023-09-13 09:00:00+09:00,-0.806353,-1.056078,-1.077716,-1.183805
2023-09-14 09:00:00+09:00,-0.892503,-1.045361,-1.006847,-0.854032
2023-09-15 09:00:00+09:00,-0.917813,-0.925247,-1.092246,-1.174685
2023-09-16 09:00:00+09:00,-0.899326,-0.917937,-1.083652,-1.165562
2023-09-17 09:00:00+09:00,-0.999343,-0.910683,-1.075397,-1.156234
2023-09-18 09:00:00+09:00,-1.205698,-0.651949,-1.127882,-1.002333
2023-09-19 09:00:00+09:00,-1.384369,-0.623337,-1.255618,-0.911793
2023-09-20 09:00:00+09:00,-1.379478,-0.327773,-1.099180,-1.252013
2023-09-21 09:00:00+09:00,-1.566984,-0.600929,-1.438877,-1.473829
2023-09-22 09:00:00+09:00,-1.536934,-0.541984,-1.312873,-1.522961
2023-09-23 09:00:00+09:00,-1.517711,-0.535985,-1.304261,-1.512082
2023-09-24 09:00:00+09:00,-1.529417,-0.570009,-1.369596,-1.381732
2023-09-25 09:00:00+09:00,-1.566139,-0.556082,-1.476103,-1.559950
2023-09-26 09:00:00+09:00,-1.489530,-0.679492,-1.596400,-1.911660
2023-09-27 09:00:00+09:00,-1.506097,-0.905691,-1.418227,-1.994369
2023-09-28 09:00:00+09:00,-1.401546,-1.106807,-1.398330,-2.126431
2023-09-29 09:00:00+09:00,-1.421494,-1.214118,-1.386876,-2.163763
2023-09-30 09:00:00+09:00,-1.406588,-1.210116,-1.382503,-2.134796
2023-10-01 09:00:00+09:00,-1.318540,-1.211937,-1.242500,-2.135173
2023-10-02 09:00:00+09:00,-1.326032,-1.376483,-1.491582,-2.106645
2023-10-03 09:00:00+09:00,-1.299056,-1.404113,-1.592765,-2.351898
2023-10-04 09:00:00+09:00,-1.156391,-1.360927,-1.122858,-1.952101
2023-10-05 09:00:00+09:00,-1.263880,-1.536906,-1.014917,-1.894689
2023-10-06 09:00:00+09:00,-1.173511,-1.405795,-1.197671,-1.604343
2023-10-07 09:00:00+09:00,-1.147759,-1.406189,-1.190486,-1.590189
2023-10-08 09:00:00+09:00,-1.177867,-1.396612,-1.351309,-1.630626
2023-10-09 09:00:00+09:00,-1.248152,-1.263761,-0.998808,-1.625976
2023-10-10 09:00:00+09:00,-1.238129,-1.388292,-1.377686,-1.659777
2023-10-11 09:00:00+09:00,-1.434211,-1.303021,-1.468476,-1.738963
2023-10-12 09:00:00+09:00,-1.302963,-1.344700,-1.623572,-1.840666
2023-10-13 09:00:00+09:00,-1.275470,-0.736982,-1.406165,-1.933053
2023-10-14 09:00:00+09:00,-1.261942,-0.731069,-1.402583,-1.912358
2023-10-15 09:00:00+09:00,-1.199312,-0.645337,-1.457222,-1.974737
2023-10-16 09:00:00+09:00,-0.959599,-0.960205,-1.690189,-1.876652
2023-10-17 09:00:00+09:00,-0.974661,-0.939506,-2.122305,-1.912328
2023-10-18 09:00:00+09:00,-0.963330,-0.494729,-1.988912,-2.034058
2023-10-19 09:00:00+09:00,-0.916460,-0.309276,-2.155023,-2.196705
2023-10-20 09:00:00+09:00,-0.753406,-0.155796,-1.937695,-2.427302
2023-10-21 09:00:00+09:00,-0.758328,-0.152203,-1.915655,-2.391925
2023-10-22 09:00:00+09:00,-0.609921,-0.105960,-1.817027,-2.435781
2023-10-23 09:00:00+09:00,-0.161755,-0.188661,-1.584183,-2.485394
2023-10-24 09:00:00+09:00,-0.060860,-0.272061,-1.622710,-2.303741
2023-10-25 09:00:00+09:00,0.056756,0.082128,-1.537205,-2.421934
2023-10-26 09:00:00+09:00,-0.008608,-0.045386,-1.381818,-2.783994
2023-10-27 09:00:00+09:00,-0.046079,-0.027396,-1.319163,-2.817493
2023-10-28 09:00:00+09:00,0.000398,-0.024406,-1.307943,-2.764090
2023-10-29 09:00:00+09:00,0.081601,-0.129921,-1.337502,-2.737933
2023-10-30 09:00:00+09:00,0.005216,0.282493,-1.244475,-2.439940
2023-10-31 09:00:00+09:00,0.127272,0.201934,-1.239360,-2.054570
2023-11-01 09:00:00+09:00,0.243769,0.194800,-0.614699,-1.806010
2023-11-02 09:00:00+09:00,0.192143,0.185233,-0.755767,-1.359378
2023-11-03 09:00:00+09:00,0.170713,0.250089,-0.499016,-1.183069
2023-11-04 09:00:00+09:00,0.228449,0.250531,-0.496622,-1.180874
2023-11-05 09:00:00+09:00,0.202970,0.320046,-0.414018,-1.341293
2023-11-06 09:00:00+09:00,0.100369,0.318536,-0.768759,-1.224972
2023-11-07 09:00:00+09:00,0.201422,0.255861,-0.598644,-1.041879
2023-11-08 09:00:00+09:00,0.261714,0.097790,-0.210470,-1.029654
2023-11-09 09:00:00+09:00,0.429551,0.255057,-0.367745,-1.160586
2023-11-10 09:00:00+09:00,0.522553,-0.093778,-0.332038,-0.869414
2023-11-11 09:00:00+09:00,0.522315,-0.092232,-0.332976,-0.868824
2023-11-12 09:00:00+09:00,0.486488,-0.063625,-0.279274,-0.973198
2023-11-13 09:00:00+09:00,0.448813,0.173778,-0.234413,-0.766558
2023-11-14 09:00:00+09:00,0.390980,0.428077,0.396720,-0.259143
2023-11-15 09:00:00+09:00,1.210805,0.546302,0.171259,-0.078500
2023-11-16 09:00:00+09:00,1.057265,0.786907,0.322548,-0.054965
2023-11-17 09:00:00+09:00,1.115616,0.759200,0.345386,-0.033699
2023-11-18 09:00:00+09:00,1.085429,0.757356,0.346063,-0.037686
2023-11-19 09:00:00+09:00,1.233131,0.672658,0.559142,-0.177910
2023-11-20 09:00:00+09:00,1.268067,0.594217,0.592988,0.017339
2023-11-21 09:00:00+09:00,0.890897,0.579718,0.267205,-0.244935
2023-11-22 09:00:00+09:00,1.228481,0.501631,0.384831,0.103342
2023-11-23 09:00:00+09:00,1.235693,0.587602,0.395982,-0.031670
2023-11-24 09:00:00+09:00,1.330148,0.716703,0.221439,-0.021120
2023-11-25 09:00:00+09:00,1.332337,0.725397,0.224206,-0.022524
2023-11-26 09:00:00+09:00,1.289867,0.654343,0.133944,-0.147541
2023-11-27 09:00:00+09:00,0.882675,0.551325,0.154242,-0.468954
2023-11-28 09:00:00+09:00,1.092784,0.776273,0.311916,-0.522579
2023-11-29 09:00:00+09:00,1.447646,0.938271,0.428715,-0.508033
2023-11-30 09:00:00+09:00,1.472229,0.828909,0.478965,-0.467968
2023-12-01 09:00:00+09:00,1.642546,1.213180,0.816913,-0.351804
2023-12-02 09:00:00+09:00,1.768315,1.222651,0.825075,-0.350543
2023-12-03 09:00:00+09:00,1.915018,1.232266,0.833358,-0.349282
2023-12-04 09:00:00+09:00,2.294437,0.859252,0.909293,-0.371435
2023-12-05 09:00:00+09:00,2.682339,0.901018,1.262774,-0.242789
2023-12-06 09:00:00+09:00,2.475601,1.054576,1.290880,-0.254691
2023-12-07 09:00:00+09:00,2.497135,1.042841,1.234659,-0.123720
2023-12-08 09:00:00+09:00,2.663611,0.674451,1.007670,-0.039475
2023-12-09 09:00:00+09:00,2.604598,0.680958,1.017187,-0.036644
2023-12-10 09:00:00+09:00,2.821824,0.626733,1.089793,-0.166955
2023-12-11 09:00:00+09:00,2.146499,0.538493,1.050522,0.028732
2023-12-12 09:00:00+09:00,2.079014,0.572290,1.093700,0.098126
2023-12-13 09:00:00+09:00,2.257549,0.626681,1.740945,0.205105
2023-12-14 09:00:00+09:00,2.265997,1.042955,2.166107,0.508923
2023-12-15 09:00:00+09:00,2.086830,0.937445,2.123361,0.506736
2023-12-16 09:00:00+09:00,2.158065,0.943360,2.112731,0.506120
2023-12-17 09:00:00+09:00,1.946398,0.848040,2.064811,0.490809
2023-12-18 09:00:00+09:00,2.060354,0.908203,2.105887,0.626770
2023-12-19 09:00:00+09:00,2.033326,0.885858,2.184762,0.940408
2023-12-20 09:00:00+09:00,2.446274,1.181515,2.611828,0.970809
2023-12-21 09:00:00+09:00,2.467412,1.158205,2.377964,1.227331
2023-12-22 09:00:00+09:00,2.468003,1.375650,2.314138,1.253515
2023-12-23 09:00:00+09:00,2.494357,1.369860,2.285744,1.244626
2023-12-24 09:00:00+09:00,2.328710,1.478964,2.516879,1.152377
2023-12-25 09:00:00+09:00,2.433904,1.684912,2.490987,1.454057
2023-12-26 09:00:00+09:00,2.183591,2.073673,2.626660,1.527646
2023-12-27 09:00:00+09:00,2.136583,2.490390,2.751851,1.425307
2023-12-28 09:00:00+09:00,2.003971,2.525135,2.569321,1.478004
2023-12-29 09:00:00+09:00,1.877896,2.349062,2.446826,1.407784
2023-12-30 09:00:00+09:00,1.613062,2.316520,2.411122,1.396992
2023-12-31 09:00:00+09:00,1.728456,2.522830,2.640583,1.383900
2024-01-01 09:00:00+09:00,2.046065,2.554421,2.862515,1.655702
2024-01-02 09:00:00+09:00,2.053757,2.615941,2.494818,1.359257
2024-01-03 09:00:00+09:00,1.793186,2.253088,2.475735,1.211510
2024-01-04 09:00:00+09:00,1.856022,2.143624,2.434388,0.899019
2024-01-05 09:00:00+09:00,1.830931,2.119093,2.290327,0.929241
2024-01-06 09:00:00+09:00,1.794683,2.094108,2.262921,0.923017
2024-01-07 09:00:00+09:00,1.857736,1.834696,1.857701,0.793667
2024-01-08 09:00:00+09:00,2.351662,1.506967,1.997458,0.962492
2024-01-09 09:00:00+09:00,2.326755,1.356731,1.802712,0.841276
2024-01-10 09:00:00+09:00,2.399851,1.342085,2.025374,1.070520
2024-01-11 09:00:00+09:00,2.298002,0.604525,1.977587,1.149008
2024-01-12 09:00:00+09:00,1.738694,0.953597,2.038426,1.154763
2024-01-13 09:00:00+09:00,1.650871,0.957245,2.019059,1.145478
2024-01-14 09:00:00+09:00,1.184222,1.031952,2.173038,0.927522
2024-01-15 09:00:00+09:00,1.300074,1.016932,2.432446,0.922148
2024-01-16 09:00:00+09:00,1.401073,0.435976,2.302632,1.108107
2024-01-17 09:00:00+09:00,1.250904,0.051744,2.325789,1.156877
2024-01-18 09:00:00+09:00,0.849005,0.074704,2.080564,1.576233
2024-01-19 09:00:00+09:00,0.849111,0.163764,2.066685,1.807481
2024-01-20 09:00:00+09:00,0.837628,0.169371,2.050136,1.787758
2024-01-21 09:00:00+09:00,0.297705,0.243469,1.905357,1.802539
2024-01-22 09:00:00+09:00,-0.066523,0.192295,1.927063,1.682666
2024-01-23 09:00:00+09:00,-0.109702,0.140241,2.083561,2.011601
2024-01-24 09:00:00+09:00,-0.035186,0.005813,1.785848,2.240151
2024-01-25 09:00:00+09:00,-0.019107,0.027133,1.846593,2.408309
2024-01-26 09:00:00+09:00,0.177055,0.031374,1.783828,2.358104
2024-01-27 09:00:00+09:00,0.146409,0.036738,1.769856,2.322553
2024-01-28 09:00:00+09:00,0.139455,-0.041620,1.843755,2.058479
2024-01-29 09:00:00+09:00,0.259784,0.178114,2.042834,2.053709
2024-01-30 09:00:00+09:00,0.110326,0.325446,1.761935,1.819831
2024-01-31 09:00:00+09:00,0.135648,0.441056,1.804313,1.154990
2024-02-01 09:00:00+09:00,0.220796,0.429876,1.751625,1.202871
2024-02-02 09:00:00+09:00,0.182164,0.247751,1.404758,1.389224
2024-02-03 09:00:00+09:00,0.163087,0.253342,1.398035,1.378932
2024-02-04 09:00:00+09:00,0.117217,0.372099,1.537600,1.336696
2024-02-05 09:00:00+09:00,0.069326,0.430675,1.138834,1.218209
2024-02-06 09:00:00+09:00,0.088171,0.716117,1.171156,1.234045
2024-02-07 09:00:00+09:00,0.085128,0.577634,1.375878,1.519905
2024-02-08 09:00:00+09:00,0.110221,0.927702,1.262914,1.238045
2024-02-09 09:00:00+09:00,0.333819,0.825336,1.214169,1.332010
2024-02-10 09:00:00+09:00,0.412115,0.826884,1.210900,1.322343
2024-02-11 09:00:00+09:00,0.546812,0.672336,1.221675,1.327622
2024-02-12 09:00:00+09:00,0.876163,0.424444,0.872544,0.969520
2024-02-13 09:00:00+09:00,0.500951,0.158296,0.792903,0.698742
2024-02-14 09:00:00+09:00,0.982865,-0.145588,0.699386,0.841965
2024-02-15 09:00:00+09:00,0.922616,0.021691,0.749040,0.920852
2024-02-16 09:00:00+09:00,0.945026,0.134477,0.639334,0.837088
2024-02-17 09:00:00+09:00,0.764517,0.138300,0.637095,0.837557
2024-02-18 09:00:00+09:00,0.794646,0.185378,0.599481,0.710872
2024-02-19 09:00:00+09:00,1.007555,-0.066394,0.565900,0.746398
2024-02-20 09:00:00+09:00,0.805347,0.210351,0.611402,0.574937
2024-02-21 09:00:00+09:00,0.772747,0.150408,0.530396,0.597678
2024-02-22 09:00:00+09:00,0.646637,-0.007353,0.655921,0.953660
2024-02-23 09:00:00+09:00,0.569543,0.208404,0.763404,0.961015
2024-02-24 09:00:00+09:00,0.698949,0.206240,0.758416,0.962237
2024-02-25 09:00:00+09:00,0.743508,0.091893,0.570058,0.996526
2024-02-26 09:00:00+09:00,0.947233,-0.341164,0.425104,0.911001
2024-02-27 09:00:00+09:00,1.205390,-0.362081,0.242904,0.957593
2024-02-28 09:00:00+09:00,1.785842,-0.275045,0.445534,0.861451
2024-02-29 09:00:00+09:00,1.470715,-0.502642,0.264570,0.849602
2024-03-01 09:00:00+09:00,1.457232,-0.045444,0.371285,0.987398
2024-03-02 09:00:00+09:00,1.326603,-0.049169,0.368162,0.984811
2024-03-03 09:00:00+09:00,1.132921,0.489478,0.466246,1.077013
2024-03-04 09:00:00+09:00,1.301011,0.903824,0.241571,1.062093
2024-03-05 09:00:00+09:00,0.934008,0.933201,0.288383,0.947571
2024-03-06 09:00:00+09:00,1.193181,1.123786,0.380742,0.895215
2024-03-07 09:00:00+09:00,1.138411,1.587335,0.574512,0.998105
2024-03-08 09:00:00+09:00,1.309691,1.806223,0.588346,0.880778
2024-03-09 09:00:00+09:00,1.308797,1.786766,0.584270,0.877881
2024-03-10 09:00:00+09:00,1.713470,2.018740,0.577310,0.807304
2024-03-11 09:00:00+09:00,1.946929,2.043496,0.490325,0.707503
2024-03-12 09:00:00+09:00,1.648481,1.717938,0.032911,0.665133
2024-03-13 09:00:00+09:00,1.751986,1.292813,-0.219720,0.586143
2024-03-14 09:00:00+09:00,1.748670,1.253822,-0.379433,0.537246
2024-03-15 09:00:00+09:00,1.509039,1.180679,-0.423774,0.426211
2024-03-16 09:00:00+09:00,1.257498,1.171614,-0.427952,0.425317
2024-03-17 09:00:00+09:00,1.341633,1.100605,-0.379147,0.348664
2024-03-18 09:00:00+09:00,1.306072,0.987227,-0.453572,0.355742
2024-03-19 09:00:00+09:00,0.628843,0.976605,-0.503000,0.700882
2024-03-20 09:00:00+09:00,1.105429,0.932700,-0.411350,0.675360
2024-03-21 09:00:00+09:00,0.875758,0.985333,-0.386049,0.701181
2024-03-22 09:00:00+09:00,0.755979,0.709984,-0.270191,0.676151
2024-03-23 09:00:00+09:00,0.865367,0.704051,-0.270670,0.675123
2024-03-24 09:00:00+09:00,1.052801,0.698282,-0.270494,0.673808
2024-03-25 09:00:00+09:00,1.427833,0.863785,-0.348069,0.549613
2024-03-26 09:00:00+09:00,1.289023,0.592813,-0.495550,0.478673
2024-03-27 09:00:00+09:00,1.345481,0.843637,-0.313875,0.618753
2024-03-28 09:00:00+09:00,1.520809,1.264649,-0.277467,0.685658
2024-03-29 09:00:00+09:00,1.424645,1.254182,-0.277637,0.685290
2024-03-30 09:00:00+09:00,1.375219,1.243841,-0.277807,0.684923
2024-03-31 09:00:00+09:00,1.244382,1.233562,-0.278484,0.684474
2024-04-01 09:00:00+09:00,0.998940,1.406936,-0.407430,0.748414
2024-04-02 09:00:00+09:00,0.907411,2.016929,-0.515798,0.763904
2024-04-03 09:00:00+09:00,0.776291,2.252180,-0.344630,0.841095
2024-04-04 09:00:00+09:00,0.980903,2.161273,-0.178095,0.596594
2024-04-05 09:00:00+09:00,0.939804,2.517471,-0.339397,0.784495
2024-04-06 09:00:00+09:00,1.026124,2.476811,-0.341611,0.783634
2024-04-07 09:00:00+09:00,0.685277,2.621162,-0.422247,0.545052
2024-04-08 09:00:00+09:00,0.956362,2.639822,-0.467851,0.565527
2024-04-09 09:00:00+09:00,0.693883,2.770342,-0.339017,0.496747
2024-04-10 09:00:00+09:00,0.832681,2.674085,-0.787013,0.350248
2024-04-11 09:00:00+09:00,1.237594,2.512796,-0.886463,0.462762
2024-04-12 09:00:00+09:00,0.984915,2.489278,-0.790165,0.217385
2024-04-13 09:00:00+09:00,0.825273,2.453182,-0.791238,0.218152
2024-04-14 09:00:00+09:00,0.889679,2.419205,-0.791337,0.218888
2024-04-15 09:00:00+09:00,0.601502,2.704698,-0.750960,0.082300
2024-04-16 09:00:00+09:00,0.681432,3.154244,-0.767896,0.142967
2024-04-17 09:00:00+09:00,0.646896,2.740589,-0.566771,-0.095449
2024-04-18 09:00:00+09:00,0.792188,2.709195,-0.654837,-0.327560
2024-04-19 09:00:00+09:00,0.808727,2.812243,-0.626692,-0.465512
2024-04-20 09:00:00+09:00,0.920188,2.765968,-0.629858,-0.461997
2024-04-21 09:00:00+09:00,1.202151,2.792218,-0.705503,-0.493523
2024-04-22 09:00:00+09:00,1.316341,2.120545,-0.644835,-0.397286
2024-04-23 09:00:00+09:00,1.230902,2.156648,-0.547402,-0.216646
2024-04-24 09:00:00+09:00,1.048201,2.071549,-0.726796,-0.297372
2024-04-25 09:00:00+09:00,0.793121,2.097522,-0.776734,-0.360137
2024-04-26 09:00:00+09:00,0.682508,2.118922,-0.711776,-0.195837
2024-04-27 09:00:00+09:00,0.658065,2.096094,-0.712613,-0.195859
2024-04-28 09:00:00+09:00,0.464619,1.989394,-0.856045,-0.317319
2024-04-29 09:00:00+09:00,0.563883,1.997556,-0.793215,-0.254882
2024-04-30 09:00:00+09:00,0.326283,1.346541,-1.102549,-0.247023
2024-05-01 09:00:00+09:00,0.053601,1.363910,-1.150155,-0.498865
2024-05-02 09:00:00+09:00,0.110739,1.509571,-0.726120,-0.521977
2024-05-03 09:00:00+09:00,0.457708,1.494377,-0.593193,-0.321339
2024-05-04 09:00:00+09:00,0.593390,1.481146,-0.593488,-0.320447
2024-05-05 09:00:00+09:00,0.589703,1.569148,-0.357431,-0.268316
2024-05-06 09:00:00+09:00,0.450469,1.662630,-0.468832,-0.138627
2024-05-07 09:00:00+09:00,0.217940,1.585398,-0.363674,-0.247715
2024-05-08 09:00:00+09:00,-0.001262,1.586266,-0.354308,-0.255070
2024-05-09 09:00:00+09:00,-0.058895,1.814345,-0.237315,-0.264554
2024-05-10 09:00:00+09:00,-0.315372,2.090764,-0.318498,-0.236937
2024-05-11 09:00:00+09:00,-0.375167,2.064738,-0.320143,-0.235953
2024-05-12 09:00:00+09:00,-0.492616,2.089088,-0.345037,-0.219547
2024-05-13 09:00:00+09:00,-0.364123,2.050954,-0.045145,0.000868
2024-05-14 09:00:00+09:00,-0.672014,2.194816,-0.068041,-0.075903
2024-05-15 09:00:00+09:00,-0.330172,2.341565,0.046589,0.018835
2024-05-16 09:00:00+09:00,-0.436142,2.149319,0.104541,0.062357
2024-05-17 09:00:00+09:00,-0.253741,2.380972,0.023588,0.080160
2024-05-18 09:00:00+09:00,-0.313748,2.347900,0.020638,0.078776
2024-05-19 09:00:00+09:00,-0.336762,2.315534,0.017525,0.076816
2024-05-20 09:00:00+09:00,0.005233,2.302854,-0.065361,0.189323
2024-05-21 09:00:00+09:00,-0.055036,2.226496,0.077104,0.207017
2024-05-22 09:00:00+09:00,-0.083615,1.972360,0.038606,-0.183790
2024-05-23 09:00:00+09:00,-0.123313,1.363922,-0.168321,-0.310489
2024-05-24 09:00:00+09:00,-0.171202,1.333491,-0.138891,-0.199621
2024-05-25 09:00:00+09:00,-0.135490,1.322717,-0.141881,-0.201870
2024-05-26 09:00:00+09:00,-0.481708,1.401549,-0.107485,-0.142357
2024-05-27 09:00:00+09:00,-0.660209,1.340716,-0.054394,-0.172240
2024-05-28 09:00:00+09:00,-1.182155,1.512733,-0.290688,-0.142861
2024-05-29 09:00:00+09:00,-1.142657,1.273072,-0.465913,-0.350581
2024-05-30 09:00:00+09:00,-1.193627,0.928949,-0.458983,-0.577621
2024-05-31 09:00:00+09:00,-1.233939,0.771311,-0.346039,-0.451896
2024-06-01 09:00:00+09:00,-1.314115,0.764952,-0.349811,-0.454700
2024-06-02 09:00:00+09:00,-1.667967,0.503865,-0.297648,-0.437842
2024-06-03 09:00:00+09:00,-1.305940,0.545708,-0.292550,-0.256065
2024-06-04 09:00:00+09:00,-1.365049,0.249072,-0.220438,-0.320326
2024-06-05 09:00:00+09:00,-1.400576,0.392690,-0.175372,-0.300383
2024-06-06 09:00:00+09:00,-1.525405,0.340804,-0.210073,-0.200955
2024-06-07 09:00:00+09:00,-1.639525,-0.144718,-0.486862,-0.225631
2024-06-08 09:00:00+09:00,-1.685104,-0.151723,-0.491217,-0.231759
2024-06-09 09:00:00+09:00,-1.862120,-0.189524,-0.462547,-0.219147
2024-06-10 09:00:00+09:00,-1.838318,-0.002137,-0.417219,-0.369761
2024-06-11 09:00:00+09:00,-2.069473,-0.132670,-0.228044,-0.299069
2024-06-12 09:00:00+09:00,-1.917115,0.178646,0.110727,-0.110912
2024-06-13 09:00:00+09:00,-1.894992,-0.058854,0.328043,0.036852
2024-06-14 09:00:00+09:00,-1.682190,0.176857,0.385530,0.024658
2024-06-15 09:00:00+09:00,-1.878641,0.169476,0.380229,0.019334
2024-06-16 09:00:00+09:00,-1.799733,0.132855,0.406507,-0.096982
2024-06-17 09:00:00+09:00,-1.415278,0.011266,0.197065,-0.067277
2024-06-18 09:00:00+09:00,-1.942783,0.134548,0.245823,-0.185125
2024-06-19 09:00:00+09:00,-1.805607,-0.086194,0.237134,-0.248361
2024-06-20 09:00:00+09:00,-1.703763,0.310568,0.028414,-0.275065
2024-06-21 09:00:00+09:00,-1.786850,-0.004426,0.028423,-0.310222
2024-06-22 09:00:00+09:00,-2.001094,-0.010877,0.022598,-0.317731
2024-06-23 09:00:00+09:00,-2.245090,-0.165538,0.089679,-0.270647
2024-06-24 09:00:00+09:00,-2.428268,-0.067187,0.065292,-0.283165
2024-06-25 09:00:00+09:00,-2.289577,-0.320372,-0.025547,-0.376277
2024-06-26 09:00:00+09:00,-2.418510,-0.704082,-0.177018,-0.377100
2024-06-27 09:00:00+09:00,-2.309685,-0.499149,-0.123552,-0.370714
2024-06-28 09:00:00+09:00,-2.365770,-0.476686,-0.284297,-0.459217
2024-06-29 09:00:00+09:00,-2.407553,-0.480876,-0.294009,-0.472199
2024-06-30 09:00:00+09:00,-2.188531,-0.650589,-0.039277,-0.447718
2024-07-01 09:00:00+09:00,-1.900705,-0.864113,-0.203422,-0.269106
2024-07-02 09:00:00+09:00,-1.976444,-1.182103,-0.135524,-0.180641
2024-07-03 09:00:00+09:00,-2.228250,-0.837888,-0.047520,0.163222
2024-07-04 09:00:00+09:00,-2.370159,-1.143048,0.145304,-0.077532
2024-07-05 09:00:00+09:00,-2.417187,-0.914766,0.307682,0.023345
2024-07-06 09:00:00+09:00,-2.311856,-0.916586,0.301167,0.009956
2024-07-07 09:00:00+09:00,-2.537615,-0.968289,0.364687,0.004206
2024-07-08 09:00:00+09:00,-2.337524,-1.326236,0.244002,-0.019195
2024-07-09 09:00:00+09:00,-2.302579,-1.173089,0.616312,0.209131
2024-07-10 09:00:00+09:00,-2.264680,-1.276437,0.685789,0.266144
2024-07-11 09:00:00+09:00,-2.120901,-0.949422,0.750879,0.401601
2024-07-12 09:00:00+09:00,-1.883811,-0.957015,0.812201,0.531403
2024-07-13 09:00:00+09:00,-1.892089,-0.956703,0.805489,0.525419
2024-07-14 09:00:00+09:00,-1.648092,-1.032718,1.006188,0.828439
2024-07-15 09:00:00+09:00,-1.406800,-1.159366,1.023768,0.950799
2024-07-16 09:00:00+09:00,-1.217945,-0.699432,0.954133,1.266217
2024-07-17 09:00:00+09:00,-1.422114,-0.846159,1.087618,0.947640
2024-07-18 09:00:00+09:00,-1.442826,-0.997536,0.943767,0.969071
2024-07-19 09:00:00+09:00,-1.337470,-1.431868,0.833169,0.771439
2024-07-20 09:00:00+09:00,-1.297752,-1.429413,0.826353,0.765974
2024-07-21 09:00:00+09:00,-1.347963,-0.905301,0.816016,0.525176
2024-07-22 09:00:00+09:00,-1.347660,-0.897024,0.735579,0.487475
2024-07-23 09:00:00+09:00,-1.309180,-0.769902,0.853989,0.433238
2024-07-24 09:00:00+09:00,-1.344731,-0.743719,0.899856,-0.082789
2024-07-25 09:00:00+09:00,-1.265156,-1.266988,0.876355,-0.496468
2024-07-26 09:00:00+09:00,-1.104835,-1.039777,1.025039,-0.205470
2024-07-27 09:00:00+09:00,-1.083270,-1.035699,1.017228,-0.209744
2024-07-28 09:00:00+09:00,-1.095904,-1.116320,0.878277,-0.300590
2024-07-29 09:00:00+09:00,-0.962088,-0.696530,1.079937,0.149677
2024-07-30 09:00:00+09:00,-0.824434,-0.545539,1.011102,0.101817
2024-07-31 09:00:00+09:00,-0.985340,-0.368769,1.088922,0.279903
2024-08-01 09:00:00+09:00,-1.183286,-0.300291,1.039206,-0.446631
2024-08-02 09:00:00+09:00,-1.469737,-0.375601,1.532273,-0.948481
2024-08-03 09:00:00+09:00,-1.507697,-0.376238,1.517911,-0.950064
2024-08-04 09:00:00+09:00,-1.597107,-0.566019,1.475747,-1.224495
2024-08-05 09:00:00+09:00,-1.783283,-0.703965,1.411565,-2.047135
2024-08-06 09:00:00+09:00,-1.581352,-0.789481,1.201297,-1.782337
2024-08-07 09:00:00+09:00,-1.724390,-0.925936,0.978597,-2.106201
2024-08-08 09:00:00+09:00,-1.184032,-0.956675,0.978595,-1.564346
2024-08-09 09:00:00+09:00,-1.224821,-0.875477,1.101139,-1.444463
2024-08-10 09:00:00+09:00,-1.250004,-0.871253,1.093166,-1.446348
2024-08-11 09:00:00+09:00,-1.452774,-0.617144,1.047400,-1.441977
2024-08-12 09:00:00+09:00,-1.327966,-0.521002,1.036262,-1.568155
2024-08-13 09:00:00+09:00,-1.498990,-0.769348,0.932459,-1.435844
2024-08-14 09:00:00+09:00,-1.537803,-0.906486,1.030549,-1.282496
2024-08-15 09:00:00+09:00,-1.676871,-1.047733,0.924340,-0.890084
2024-08-16 09:00:00+09:00,-1.584918,-0.702864,0.980150,-0.839259
2024-08-17 09:00:00+09:00,-1.507686,-0.702249,0.973692,-0.842001
2024-08-18 09:00:00+09:00,-1.781295,-0.869214,1.014762,-0.870901
2024-08-19 09:00:00+09:00,-1.656235,-0.750652,0.969062,-0.678773
2024-08-20 09:00:00+09:00,-1.620462,-0.423397,1.128825,-0.661452
2024-08-21 09:00:00+09:00,-1.437500,-0.003718,1.298892,-0.343623
2024-08-22 09:00:00+09:00,-1.494867,-0.214133,1.108446,-0.781055
2024-08-23 09:00:00+09:00,-1.323273,0.014976,1.249122,-0.467909
2024-08-24 09:00:00+09:00,-1.271682,0.013185,1.244004,-0.468134
2024-08-25 09:00:00+09:00,-1.295482,0.011087,1.238709,-0.468457
2024-08-26 09:00:00+09:00,-1.307458,-0.107716,1.370343,-0.561322
2024-08-27 09:00:00+09:00,-1.439717,0.001481,1.503507,-0.311365
2024-08-28 09:00:00+09:00,-1.488693,-0.138043,1.328071,-0.309596
2024-08-29 09:00:00+09:00,-1.417652,0.222685,1.126868,-0.527560
2024-08-30 09:00:00+09:00,-1.430375,-0.029007,1.017415,-0.246775
2024-08-31 09:00:00+09:00,-1.428967,-0.029383,1.016626,-0.243762
2024-09-01 09:00:00+09:00,-1.549379,-0.227032,0.817279,-0.272046
2024-09-02 09:00:00+09:00,-1.520625,-0.049847,0.652546,-0.309504
2024-09-03 09:00:00+09:00,-1.612625,-0.315599,0.747276,-1.206006
2024-09-04 09:00:00+09:00,-1.558034,-0.416409,0.945884,-1.233413
2024-09-05 09:00:00+09:00,-1.577192,0.273682,1.351903,-1.273729
2024-09-06 09:00:00+09:00,-1.673151,0.133867,1.395645,-1.716567
2024-09-07 09:00:00+09:00,-1.660318,0.136518,1.394388,-1.699061
2024-09-08 09:00:00+09:00,-1.603759,0.118582,1.463485,-1.747523
2024-09-09 09:00:00+09:00,-1.387827,0.190334,1.347689,-1.506143
2024-09-10 09:00:00+09:00,-1.383900,0.033592,1.308475,-1.594656
2024-09-11 09:00:00+09:00,-1.322735,0.344214,1.082623,-1.368215
2024-09-12 09:00:00+09:00,-1.236751,0.386105,0.963428,-1.154529
2024-09-13 09:00:00+09:00,-1.106264,0.626488,1.027289,-1.006079
2024-09-14 09:00:00+09:00,-1.148920,0.627420,1.030664,-0.998897
2024-09-15 09:00:00+09:00,-1.176322,0.794936,1.176774,-1.189069
2024-09-16 09:00:00+09:00,-1.157265,0.626074,1.122743,-1.212027
2024-09-17 09:00:00+09:00,-1.026133,0.496411,1.064575,-1.196028
2024-09-18 09:00:00+09:00,-0.939546,0.343218,1.009278,-1.195830
2024-09-19 09:00:00+09:00,-0.822466,0.802456,0.978863,-0.713426
2024-09-20 09:00:00+09:00,-0.810231,1.050155,0.971997,-0.758103
2024-09-21 09:00:00+09:00,-0.732132,1.042927,0.974762,-0.752050
2024-09-22 09:00:00+09:00,-0.536925,0.915398,0.952646,-0.666869
2024-09-23 09:00:00+09:00,-0.644183,1.080075,0.914639,-0.691090
2024-09-24 09:00:00+09:00,-0.519981,1.422152,1.149759,-0.661072
2024-09-25 09:00:00+09:00,-0.631990,1.245104,0.955248,-0.727421
2024-09-26 09:00:00+09:00,-0.425471,1.289667,1.107890,-0.508551
2024-09-27 09:00:00+09:00,-0.421451,1.080013,1.239892,-0.535531
2024-09-28 09:00:00+09:00,-0.523612,1.071442,1.243204,-0.529393
2024-09-29 09:00:00+09:00,-0.545500,1.063819,1.486401,-0.594675
2024-09-30 09:00:00+09:00,-0.627859,1.032216,1.275033,-0.640837
2024-10-01 09:00:00+09:00,-0.661428,0.942994,1.181911,-1.022745
2024-10-02 09:00:00+09:00,-0.466462,0.780078,1.090917,-1.017561
2024-10-03 09:00:00+09:00,-0.435134,0.604232,0.750527,-1.213315
2024-10-04 09:00:00+09:00,-0.460768,0.511902,0.443912,-0.968807
2024-10-05 09:00:00+09:00,-0.287793,0.506295,0.448999,-0.970990
2024-10-06 09:00:00+09:00,-0.300410,0.788125,0.444623,-1.000018
2024-10-07 09:00:00+09:00,-0.424635,0.730941,0.379609,-1.303790
2024-10-08 09:00:00+09:00,-0.411134,0.388231,0.381217,-1.318072
2024-10-09 09:00:00+09:00,-0.479590,-0.046033,0.060132,-0.836599
2024-10-10 09:00:00+09:00,-0.532429,0.070520,-0.005543,-1.057753
2024-10-11 09:00:00+09:00,-0.481736,0.350247,0.008774,-0.870009
2024-10-12 09:00:00+09:00,-0.531962,0.345215,0.012950,-0.864722
2024-10-13 09:00:00+09:00,-0.783501,0.265136,0.121159,-0.946087
2024-10-14 09:00:00+09:00,-0.615014,-0.141881,-0.078467,-0.899613
2024-10-15 09:00:00+09:00,-0.500381,0.021188,0.064041,-0.694272
2024-10-16 09:00:00+09:00,-0.457203,0.138597,0.212631,-0.289155
2024-10-17 09:00:00+09:00,-0.621900,0.747653,0.148756,-0.053629
2024-10-18 09:00:00+09:00,-0.587885,0.918478,0.189659,0.087049
2024-10-19 09:00:00+09:00,-0.639849,0.911445,0.192668,0.097253
2024-10-20 09:00:00+09:00,-0.570911,0.935140,0.227273,-0.255852
2024-10-21 09:00:00+09:00,-0.562614,0.889821,-0.051562,-0.258332
2024-10-22 09:00:00+09:00,-0.527555,0.969614,-0.008091,0.535821
2024-10-23 09:00:00+09:00,-0.595938,1.279805,-0.156177,0.400071
2024-10-24 09:00:00+09:00,-0.613190,1.176690,-0.237421,0.098133
2024-10-25 09:00:00+09:00,-0.682981,1.214784,-0.308012,0.093997
2024-10-26 09:00:00+09:00,-0.680713,1.205520,-0.306211,0.100357
2024-10-27 09:00:00+09:00,-0.549884,1.220712,-0.359311,0.076997
2024-10-28 09:00:00+09:00,-0.402393,0.978610,-0.500838,0.352081
2024-10-29 09:00:00+09:00,-0.147151,0.978653,-0.719797,-0.141076
2024-10-30 09:00:00+09:00,-0.210640,1.051664,-0.899135,0.234052
2024-10-31 09:00:00+09:00,-0.075052,0.735725,-1.392069,0.233611
2024-11-01 09:00:00+09:00,-0.065810,0.731679,-1.562858,0.389168
2024-11-02 09:00:00+09:00,0.108770,0.725298,-1.548190,0.397920
2024-11-03 09:00:00+09:00,0.405982,0.934353,-1.565402,1.534153
2024-11-04 09:00:00+09:00,0.179736,1.023300,-1.117343,1.049225
2024-11-05 09:00:00+09:00,0.368266,1.037881,-0.983721,1.806968
2024-11-06 09:00:00+09:00,0.248762,0.157306,-1.203341,1.888415
2024-11-07 09:00:00+09:00,0.333035,0.310302,-1.075163,1.988234
2024-11-08 09:00:00+09:00,0.373581,0.215604,-1.003882,2.129450
2024-11-09 09:00:00+09:00,0.571572,0.209158,-0.998351,2.126649
2024-11-10 09:00:00+09:00,0.756054,-0.066836,-1.077314,2.126750
2024-11-11 09:00:00+09:00,1.162969,-0.724549,-1.288822,1.536788
2024-11-12 09:00:00+09:00,1.288990,-0.581095,-1.507668,1.290696
2024-11-13 09:00:00+09:00,1.572952,-0.856057,-1.328479,0.706119
2024-11-14 09:00:00+09:00,1.228413,-1.331824,-1.379060,0.415206
2024-11-15 09:00:00+09:00,1.415832,-1.341948,-1.355070,-0.073501
2024-11-16 09:00:00+09:00,1.481819,-1.332232,-1.344046,-0.066153
2024-11-17 09:00:00+09:00,1.346009,-1.347439,-1.372288,-0.421964
2024-11-18 09:00:00+09:00,1.448145,-1.063807,-1.412343,-0.194383
2024-11-19 09:00:00+09:00,1.361840,-0.905804,-1.400879,-0.198969
2024-11-20 09:00:00+09:00,1.571112,-0.493107,-1.304280,0.149617
2024-11-21 09:00:00+09:00,1.482855,-0.552289,-1.449037,-0.079217
2024-11-22 09:00:00+09:00,1.510021,-0.257218,-1.425576,0.057521
2024-11-23 09:00:00+09:00,1.425643,-0.258328,-1.420795,0.061233
2024-11-24 09:00:00+09:00,1.578010,-0.337874,-1.380364,0.186104
2024-11-25 09:00:00+09:00,1.602680,-1.048757,-1.055649,0.243884
2024-11-26 09:00:00+09:00,1.571835,-0.897059,-1.102128,0.708504
2024-11-27 09:00:00+09:00,1.789173,-0.944072,-0.933481,0.566319
2024-11-28 09:00:00+09:00,1.789809,-0.681475,-0.831151,0.177898
2024-11-29 09:00:00+09:00,1.911406,-0.548716,-0.707107,0.405557
2024-11-30 09:00:00+09:00,2.012250,-0.550488,-0.707474,0.412471
2024-12-01 09:00:00+09:00,1.866042,-0.552264,-0.707842,0.419475
2024-12-02 09:00:00+09:00,1.953528,-0.694224,-0.904040,1.388246
2024-12-03 09:00:00+09:00,1.900559,-0.647982,-1.157435,1.469523
2024-12-04 09:00:00+09:00,2.277614,-0.726387,-1.112648,1.838839
2024-12-05 09:00:00+09:00,2.387053,-0.789346,-1.154032,2.468482
2024-12-06 09:00:00+09:00,2.575027,-0.692856,-1.059933,2.549813
2024-12-07 09:00:00+09:00,2.470851,-0.691052,-1.057687,2.527268
2024-12-08 09:00:00+09:00,2.285072,-0.757755,-1.096420,2.046306
2024-12-09 09:00:00+09:00,1.961237,-0.636563,-1.315936,1.618270
2024-12-10 09:00:00+09:00,1.936089,-0.376637,-1.344059,1.081909
2024-12-11 09:00:00+09:00,2.119882,-0.417245,-1.377011,1.118190
2024-12-12 09:00:00+09:00,1.790575,-1.006740,-1.530995,0.690684
2024-12-13 09:00:00+09:00,1.923940,-1.235557,-1.653086,0.698718
2024-12-14 09:00:00+09:00,1.994400,-1.225391,-1.642994,0.707966
2024-12-15 09:00:00+09:00,2.258976,-1.208562,-1.705830,0.661822
2024-12-16 09:00:00+09:00,2.122779,-1.108613,-1.637782,0.809220
2024-12-17 09:00:00+09:00,1.979184,-1.202793,-1.508879,0.772971
2024-12-18 09:00:00+09:00,1.507951,-1.385524,-1.695318,-1.079650
2024-12-19 09:00:00+09:00,1.346621,-1.936626,-1.805340,-1.029640
2024-12-20 09:00:00+09:00,1.345091,-1.650113,-1.698976,-0.602095
2024-12-21 09:00:00+09:00,1.293662,-1.634822,-1.693238,-0.597411
2024-12-22 09:00:00+09:00,1.203837,-1.667778,-1.671199,-0.702250
2024-12-23 09:00:00+09:00,1.100060,-1.947741,-1.813161,-0.512301
2024-12-24 09:00:00+09:00,1.417429,-1.935177,-1.682356,-0.001802
2024-12-25 09:00:00+09:00,1.276762,-1.992370,-1.654675,-0.162378
2024-12-26 09:00:00+09:00,1.040298,-1.660372,-1.732303,-0.131328
2024-12-27 09:00:00+09:00,0.947938,-1.804175,-1.791351,-0.574598
2024-12-28 09:00:00+09:00,1.025166,-1.791192,-1.780949,-0.577782
2024-12-29 09:00:00+09:00,1.127356,-1.720841,-1.700193,-0.747609
2024-12-30 09:00:00+09:00,1.298022,-2.003402,-1.633962,-0.803646
2024-12-31 09:00:00+09:00,1.368057,-1.677195,-1.598868,-0.974837
2025-01-01 09:00:00+09:00,1.417587,-1.732745,-1.459559,-0.907728
2025-01-02 09:00:00+09:00,1.441939,-1.425369,-1.187107,-1.338240
2025-01-03 09:00:00+09:00,1.507655,-1.513924,-1.229169,-0.848657
2025-01-04 09:00:00+09:00,1.446855,-1.502014,-1.227887,-0.846432
2025-01-05 09:00:00+09:00,1.498811,-1.482723,-1.131987,-0.469581
2025-01-06 09:00:00+09:00,1.717382,-1.302922,-1.180353,-0.632075
2025-01-07 09:00:00+09:00,1.556412,-1.092673,-1.205535,-1.337286
2025-01-08 09:00:00+09:00,1.466417,-1.135257,-1.160639,-1.197490
2025-01-09 09:00:00+09:00,1.123633,-1.256717,-1.168633,-1.428599
2025-01-10 09:00:00+09:00,1.184616,-1.070524,-1.360143,-2.002353
2025-01-11 09:00:00+09:00,1.205697,-1.062047,-1.356165,-1.984387
2025-01-12 09:00:00+09:00,0.946062,-0.982186,-1.303434,-2.242709
2025-01-13 09:00:00+09:00,0.873822,-1.322908,-1.477797,-1.883882
2025-01-14 09:00:00+09:00,0.936776,-1.373365,-1.501529,-1.993123
2025-01-15 09:00:00+09:00,1.157391,-1.235935,-1.085172,-1.314022
2025-01-16 09:00:00+09:00,1.037072,-1.150045,-1.048657,-1.528505
2025-01-17 09:00:00+09:00,1.276970,-1.157841,-1.025653,-1.158132
2025-01-18 09:00:00+09:00,1.217494,-1.150956,-1.022751,-1.153431
2025-01-19 09:00:00+09:00,1.166558,-1.211602,-0.815957,-1.082036
2025-01-20 09:00:00+09:00,1.208532,-1.354388,-0.788050,-1.058002
2025-01-21 09:00:00+09:00,1.487364,-1.058575,-0.635096,-0.390968
2025-01-22 09:00:00+09:00,1.212628,-1.113927,-0.760445,-0.240824
2025-01-23 09:00:00+09:00,1.339918,-1.185655,-0.767375,-0.029312
2025-01-24 09:00:00+09:00,1.346253,-1.079954,-0.710031,-0.135855
2025-01-25 09:00:00+09:00,1.261225,-1.078081,-0.707456,-0.134578
2025-01-26 09:00:00+09:00,1.007166,-1.091753,-0.643467,-0.232477
2025-01-27 09:00:00+09:00,0.783519,-1.582495,-0.481052,-0.833779
2025-01-28 09:00:00+09:00,0.772078,-1.511415,-0.437187,-0.366769
2025-01-29 09:00:00+09:00,1.029728,-1.105480,-0.453492,0.161993
2025-01-30 09:00:00+09:00,1.129369,-0.680552,-0.236495,0.203346
2025-01-31 09:00:00+09:00,1.025258,-0.756849,-0.280390,0.009852
2025-02-01 09:00:00+09:00,0.975728,-0.750692,-0.280773,0.008149
2025-02-02 09:00:00+09:00,0.891331,-0.724365,-0.423663,0.113299
2025-02-03 09:00:00+09:00,0.959135,-0.581929,-0.418138,-0.630279
2025-02-04 09:00:00+09:00,0.385883,0.208301,-0.073438,-1.277633
2025-02-05 09:00:00+09:00,0.312050,0.095419,-0.136205,-1.398344
2025-02-06 09:00:00+09:00,0.272678,0.067704,-0.227826,-1.400596
2025-02-07 09:00:00+09:00,0.254563,0.166734,-0.318895,-1.732287
2025-02-08 09:00:00+09:00,0.054983,0.171351,-0.320047,-1.721960
2025-02-09 09:00:00+09:00,-0.323327,0.875395,-0.246380,-1.745012
2025-02-10 09:00:00+09:00,-0.256223,1.385662,-0.082507,-1.396285
2025-02-11 09:00:00+09:00,-0.428633,1.547017,-0.136566,-1.384988
2025-02-12 09:00:00+09:00,-0.209048,1.629878,-0.321751,-1.260282
2025-02-13 09:00:00+09:00,-0.416251,1.787025,-0.132013,-0.410873
2025-02-14 09:00:00+09:00,-0.363848,1.409289,-0.020228,-0.413162
2025-02-15 09:00:00+09:00,-0.333392,1.398042,-0.022927,-0.412839
2025-02-16 09:00:00+09:00,-0.416233,0.965884,-0.086925,-0.553200
2025-02-17 09:00:00+09:00,-0.502706,0.809638,-0.147377,-0.695338
2025-02-18 09:00:00+09:00,-0.587647,1.009691,-0.253983,-0.607301
2025-02-19 09:00:00+09:00,-0.696212,0.690873,-0.194774,-0.710142
2025-02-20 09:00:00+09:00,-0.654995,0.521561,-0.155200,-0.982510
2025-02-21 09:00:00+09:00,-0.689208,0.501802,0.007247,-1.574420
2025-02-22 09:00:00+09:00,-0.681917,0.501446,0.008151,-1.559660
2025-02-23 09:00:00+09:00,-0.516603,1.337976,-0.283541,-1.648084
2025-02-24 09:00:00+09:00,-0.652419,1.381374,-0.166673,-1.988768
2025-02-25 09:00:00+09:00,-0.887371,0.839470,-0.060955,-1.994772
2025-02-26 09:00:00+09:00,-1.030780,0.935900,0.014867,-1.967786
2025-02-27 09:00:00+09:00,-1.070284,0.508005,-0.132422,-2.629233
2025-02-28 09:00:00+09:00,-1.047767,0.129638,0.017393,-2.096091
2025-03-01 09:00:00+09:00,-1.013414,0.130139,0.016997,-2.071023
2025-03-02 09:00:00+09:00,-0.680191,0.323401,0.019200,-2.121814
2025-03-03 09:00:00+09:00,-0.975195,0.672463,0.197114,-2.643994
2025-03-04 09:00:00+09:00,-1.020514,0.745540,0.004780,-3.126062
2025-03-05 09:00:00+09:00,-0.835349,1.030522,-0.146171,-2.692328
2025-03-06 09:00:00+09:00,-0.964545,0.925729,-0.246556,-3.208140
2025-03-07 09:00:00+09:00,-1.074208,0.823004,-0.281414,-2.987500
2025-03-08 09:00:00+09:00,-1.132150,0.817667,-0.281642,-2.926064
2025-03-09 09:00:00+09:00,-1.210741,0.579364,-0.186543,-2.706535
2025-03-10 09:00:00+09:00,-1.256896,0.182097,0.052841,-3.274446
2025-03-11 09:00:00+09:00,-1.230539,0.044469,0.034846,-3.569702
2025-03-12 09:00:00+09:00,-1.168871,0.646385,0.057918,-3.230524
2025-03-13 09:00:00+09:00,-1.295465,1.283652,0.298207,-3.471048
2025-03-14 09:00:00+09:00,-1.196606,1.354701,0.201611,-2.904835
2025-03-15 09:00:00+09:00,-1.261935,1.343022,0.201855,-2.845996
2025-03-16 09:00:00+09:00,-1.362678,1.372992,0.193522,-2.874409
2025-03-17 09:00:00+09:00,-1.316813,1.469213,0.217014,-2.590897
2025-03-18 09:00:00+09:00,-1.199736,1.808104,0.466134,-2.117918
2025-03-19 09:00:00+09:00,-0.985316,2.205778,0.679446,-1.827050
2025-03-20 09:00:00+09:00,-1.086604,1.872980,0.617703,-2.102504
2025-03-21 09:00:00+09:00,-1.073821,1.681113,0.594865,-2.059467
2025-03-22 09:00:00+09:00,-1.015694,1.664342,0.595715,-2.035990
2025-03-23 09:00:00+09:00,-0.922097,1.795849,0.722242,-2.175745
2025-03-24 09:00:00+09:00,-0.993645,1.668538,0.545500,-2.010229
2025-03-25 09:00:00+09:00,-1.009170,1.733960,0.594953,-1.960647
2025-03-26 09:00:00+09:00,-0.918495,1.527817,0.510861,-2.181075
2025-03-27 09:00:00+09:00,-0.854174,2.006926,0.562357,-1.988726
2025-03-28 09:00:00+09:00,-0.983268,2.186330,0.790302,-2.400582
2025-03-29 09:00:00+09:00,-0.990805,2.160991,0.790532,-2.370655
2025-03-30 09:00:00+09:00,-0.968986,2.231385,0.625527,-2.111196
2025-03-31 09:00:00+09:00,-0.983207,2.267159,0.761271,-1.876644
2025-04-01 09:00:00+09:00,-0.918750,2.206652,0.861393,-1.776362
2025-04-02 09:00:00+09:00,-1.083762,2.074081,0.819628,-1.563685
2025-04-03 09:00:00+09:00,-1.093545,1.858875,1.157783,-2.840166
2025-04-04 09:00:00+09:00,-1.067125,1.221641,1.236754,-3.925214
2025-04-05 09:00:00+09:00,-1.075621,1.211811,1.234806,-3.797580
2025-04-06 09:00:00+09:00,-1.342384,1.257225,1.259717,-3.771913
2025-04-07 09:00:00+09:00,-1.166371,0.653070,1.046730,-3.516115
2025-04-08 09:00:00+09:00,-1.207936,0.709342,0.854264,-3.699115
2025-04-09 09:00:00+09:00,-0.907451,1.183810,0.766646,-2.093179
2025-04-10 09:00:00+09:00,-1.073291,1.673427,0.798667,-2.407202
2025-04-11 09:00:00+09:00,-0.936883,2.123184,0.644084,-2.063102
2025-04-12 09:00:00+09:00,-0.868416,2.095258,0.650196,-2.037061
2025-04-13 09:00:00+09:00,-0.923846,2.354954,0.706197,-2.039061
2025-04-14 09:00:00+09:00,-0.955503,2.169030,0.931749,-1.902513
2025-04-15 09:00:00+09:00,-1.094638,1.953103,0.718911,-2.215485
2025-04-16 09:00:00+09:00,-1.061541,2.374761,0.777481,-2.519809
2025-04-17 09:00:00+09:00,-1.153241,2.241086,0.676212,-2.613708
2025-04-18 09:00:00+09:00,-1.160800,2.210889,0.680042,-2.569015
2025-04-19 09:00:00+09:00,-1.051331,2.181639,0.683897,-2.526171
2025-04-20 09:00:00+09:00,-1.070090,2.152366,0.687516,-2.485031
2025-04-21 09:00:00+09:00,-1.100216,2.650869,0.438388,-2.915628
2025-04-22 09:00:00+09:00,-0.851084,2.477349,0.538518,-2.593742
2025-04-23 09:00:00+09:00,-0.851713,1.710812,0.648962,-2.390080
2025-04-24 09:00:00+09:00,-0.868928,1.932089,0.749503,-2.023653
2025-04-25 09:00:00+09:00,-0.842593,1.608050,0.863816,-1.891435
2025-04-26 09:00:00+09:00,-0.787519,1.592582,0.866566,-1.869747
2025-04-27 09:00:00+09:00,-0.800684,1.866580,0.679722,-1.633940
2025-04-28 09:00:00+09:00,-0.741278,1.936270,0.797415,-1.742435
2025-04-29 09:00:00+09:00,-0.833727,1.815027,0.938884,-1.571627
2025-04-30 09:00:00+09:00,-0.865176,1.335571,0.927075,-1.611730
2025-05-01 09:00:00+09:00,-0.727611,0.835217,0.849187,-1.430735
2025-05-02 09:00:00+09:00,-0.661681,0.959453,0.654551,-1.202048
2025-05-03 09:00:00+09:00,-0.601372,0.952966,0.660839,-1.192262
2025-05-04 09:00:00+09:00,-0.768831,0.802497,0.645934,-1.068621
2025-05-05 09:00:00+09:00,-0.646260,1.129503,0.525374,-1.262237
2025-05-06 09:00:00+09:00,-0.538390,1.572631,0.436297,-1.421431
2025-05-07 09:00:00+09:00,-0.532459,1.492179,0.559234,-1.398735
2025-05-08 09:00:00+09:00,-0.323584,0.920389,0.428798,-1.163614
2025-05-09 09:00:00+09:00,-0.334112,1.135216,0.457022,-1.164670
2025-05-10 09:00:00+09:00,-0.279560,1.126758,0.462676,-1.155264
2025-05-11 09:00:00+09:00,-0.337384,0.812563,0.473624,-1.243574
2025-05-12 09:00:00+09:00,-0.323599,0.171537,0.360415,-0.764471
2025-05-13 09:00:00+09:00,-0.359453,0.304486,0.554429,-0.608824
2025-05-14 09:00:00+09:00,-0.339273,-0.134426,0.214555,-0.746311
2025-05-15 09:00:00+09:00,-0.368778,0.350183,0.294198,-0.678272
2025-05-16 09:00:00+09:00,-0.384962,0.128091,0.312480,-0.569123
2025-05-17 09:00:00+09:00,-0.348776,0.126678,0.320992,-0.566454
2025-05-18 09:00:00+09:00,-0.225362,0.125191,0.330124,-0.563953
2025-05-19 09:00:00+09:00,-0.249701,0.090034,0.492921,-0.584686
2025-05-20 09:00:00+09:00,-0.254701,0.452107,0.408587,-0.676304
2025-05-21 09:00:00+09:00,-0.224071,0.482443,0.126634,-0.850355
2025-05-22 09:00:00+09:00,-0.071625,0.400580,0.064165,-0.593927
2025-05-23 09:00:00+09:00,-0.246389,0.795995,0.163585,-0.690934
2025-05-24 09:00:00+09:00,-0.220164,0.792586,0.170139,-0.686139
2025-05-25 09:00:00+09:00,0.023483,0.724785,0.108011,-0.607004
2025-05-26 09:00:00+09:00,0.157114,0.998809,-0.141331,-0.532440
2025-05-27 09:00:00+09:00,0.353032,0.555145,-0.088741,-0.221773
2025-05-28 09:00:00+09:00,0.282490,0.735292,-0.135193,-0.058314
2025-05-29 09:00:00+09:00,0.208728,1.169109,-0.172710,-0.237799
2025-05-30 09:00:00+09:00,0.058114,1.004023,-0.067853,-0.236033
2025-05-31 09:00:00+09:00,-0.280449,1.000781,-0.061405,-0.233009
2025-06-01 09:00:00+09:00,0.118496,0.651872,-0.176726,0.046977
2025-06-02 09:00:00+09:00,0.069289,0.981561,-0.179006,0.309482
2025-06-03 09:00:00+09:00,-0.105117,0.831889,-0.014617,0.226028
2025-06-04 09:00:00+09:00,-0.104430,0.951603,0.262181,0.517542
2025-06-05 09:00:00+09:00,-0.082316,0.900476,0.211312,0.344379
2025-06-06 09:00:00+09:00,0.055285,0.743628,-0.058254,0.510975
2025-06-07 09:00:00+09:00,0.390199,0.742866,-0.050403,0.511865
2025-06-08 09:00:00+09:00,0.512252,0.829217,-0.287066,0.961363
2025-06-09 09:00:00+09:00,0.453013,0.740794,-0.088091,1.100626
2025-06-10 09:00:00+09:00,0.400630,0.514394,0.087797,1.105275
2025-06-11 09:00:00+09:00,0.478428,0.240534,0.100678,1.287797
2025-06-12 09:00:00+09:00,0.204148,0.499773,0.394240,0.993334
2025-06-13 09:00:00+09:00,0.188970,0.767932,0.261932,0.802936
2025-06-14 09:00:00+09:00,0.253257,0.764634,0.266451,0.800493
2025-06-15 09:00:00+09:00,0.176467,0.728921,0.239639,0.694044
2025-06-16 09:00:00+09:00,0.296014,0.331154,0.094668,1.019049
2025-06-17 09:00:00+09:00,-0.003839,0.273508,0.166542,0.701880
2025-06-18 09:00:00+09:00,0.137327,0.263942,0.137947,0.730802
2025-06-19 09:00:00+09:00,0.132792,0.391227,0.171458,0.715206
2025-06-20 09:00:00+09:00,0.084753,0.274408,0.197263,0.678316
2025-06-21 09:00:00+09:00,-0.068973,0.273408,0.199397,0.676860
2025-06-22 09:00:00+09:00,-0.189354,0.302431,0.419085,0.395665
2025-06-23 09:00:00+09:00,-0.009713,0.287823,0.487023,0.522704
2025-06-24 09:00:00+09:00,0.033879,-0.017837,0.706593,0.881775
2025-06-25 09:00:00+09:00,0.070305,-0.193690,0.755743,0.934365
2025-06-26 09:00:00+09:00,0.193022,-0.306758,0.587834,1.393697
2025-06-27 09:00:00+09:00,0.288046,-0.614102,0.490904,1.474928
2025-06-28 09:00:00+09:00,0.308590,-0.609403,0.492982,1.468246
2025-06-29 09:00:00+09:00,0.337478,-0.801925,0.384520,1.368777
2025-06-30 09:00:00+09:00,0.143366,-0.668975,0.403180,1.384820
2025-07-01 09:00:00+09:00,0.221640,-0.561242,0.370033,1.252648
2025-07-02 09:00:00+09:00,0.316837,-0.261419,-0.091181,2.154923
2025-07-03 09:00:00+09:00,0.305381,0.145393,-0.322202,3.327803
2025-07-04 09:00:00+09:00,0.252634,0.153340,-0.319708,3.250980
2025-07-05 09:00:00+09:00,0.561129,0.156477,-0.317217,3.178720
2025-07-06 09:00:00+09:00,0.538248,0.526875,0.130875,3.148800
2025-07-07 09:00:00+09:00,0.677249,0.421274,0.200841,3.211950
2025-07-08 09:00:00+09:00,0.324141,-0.233414,0.262461,1.711184
2025-07-09 09:00:00+09:00,0.594314,-0.752930,0.691499,2.331118
2025-07-10 09:00:00+09:00,0.564616,-1.069683,0.880287,2.069893
2025-07-11 09:00:00+09:00,0.516765,-0.869166,0.696057,1.999690
2025-07-12 09:00:00+09:00,0.601916,-0.862780,0.689852,1.981177
2025-07-13 09:00:00+09:00,0.619262,-0.765281,0.379602,1.850144
2025-07-14 09:00:00+09:00,0.697181,-0.854250,0.246884,1.883968
2025-07-15 09:00:00+09:00,0.587526,-1.491973,-0.068043,2.151430
2025-07-16 09:00:00+09:00,0.574676,-1.284246,0.140514,2.162764
2025-07-17 09:00:00+09:00,0.620150,-1.333521,0.125118,2.225833
2025-07-18 09:00:00+09:00,0.530325,-1.261347,0.226814,2.207078
2025-07-19 09:00:00+09:00,0.520217,-1.251720,0.223461,2.190022
2025-07-20 09:00:00+09:00,0.366646,-1.696796,0.425909,2.523022
2025-07-21 09:00:00+09:00,0.080381,-1.435735,0.526230,2.151642
2025-07-22 09:00:00+09:00,0.166291,-0.655538,0.589251,1.905023
2025-07-23 09:00:00+09:00,0.113406,-1.141172,0.237793,1.716704
2025-07-24 09:00:00+09:00,0.066359,-1.009644,0.030435,1.611613
2025-07-25 09:00:00+09:00,0.046850,-1.185341,0.114961,1.654215
2025-07-26 09:00:00+09:00,0.104113,-1.183744,0.109985,1.641220
2025-07-27 09:00:00+09:00,0.106406,-1.419275,-0.049158,1.618888
2025-07-28 09:00:00+09:00,0.086295,-1.465105,-0.273224,1.529964
2025-07-29 09:00:00+09:00,0.093614,-1.326389,-0.085886,1.458917
2025-07-30 09:00:00+09:00,-0.009527,-0.992254,-0.056116,1.348975
2025-07-31 09:00:00+09:00,-0.099255,-1.107795,0.235883,1.099190
2025-08-01 09:00:00+09:00,-0.139715,-0.842066,0.685545,0.885177
2025-08-02 09:00:00+09:00,-0.095020,-0.838191,0.679299,0.882385
2025-08-03 09:00:00+09:00,-0.045961,-1.215301,0.745380,0.962381
2025-08-04 09:00:00+09:00,-0.100828,-1.543818,0.691660,1.250594
2025-08-05 09:00:00+09:00,-0.140271,-1.367778,0.550018,1.124910
2025-08-06 09:00:00+09:00,-0.357969,-0.979758,0.830992,1.139885
2025-08-07 09:00:00+09:00,-0.255091,-1.064943,0.764946,1.133608
2025-08-08 09:00:00+09:00,-0.345159,-0.883763,0.666266,1.229986
2025-08-09 09:00:00+09:00,-0.322451,-0.880543,0.661193,1.224151
2025-08-10 09:00:00+09:00,-0.164697,-0.316911,0.913901,0.807780
2025-08-11 09:00:00+09:00,-0.234281,-0.821805,0.949699,0.685360
2025-08-12 09:00:00+09:00,-0.150599,-0.549257,1.085590,0.815486
2025-08-13 09:00:00+09:00,-0.037237,-0.697462,0.957022,0.805073
2025-08-14 09:00:00+09:00,-0.199431,-0.616328,0.804915,0.723264
2025-08-15 09:00:00+09:00,-0.214155,-0.611712,0.717420,0.689897
2025-08-16 09:00:00+09:00,-0.337281,-0.610926,0.711200,0.693247
2025-08-17 09:00:00+09:00,-0.297397,-0.840668,0.726604,0.684495
2025-08-18 09:00:00+09:00,-0.383432,-1.101793,0.733850,0.733800
2025-08-19 09:00:00+09:00,-0.614055,-1.312018,1.116822,0.866052
2025-08-20 09:00:00+09:00,-0.630157,-1.090177,1.014734,0.839892
2025-08-21 09:00:00+09:00,-0.525449,-1.436741,0.767283,0.873141
2025-08-22 09:00:00+09:00,-0.371437,-1.265398,0.993061,1.065073
2025-08-23 09:00:00+09:00,-0.471738,-1.261793,0.987481,1.061664
2025-08-24 09:00:00+09:00,-0.554474,-1.258162,0.982491,1.058170
2025-08-25 09:00:00+09:00,-0.659324,-0.966028,0.715679,0.742529
2025-08-26 09:00:00+09:00,-0.540750,-0.873269,0.940681,0.864687
2025-08-27 09:00:00+09:00,-0.467604,-0.911007,0.837839,0.839691
2025-08-28 09:00:00+09:00,-0.335671,-0.660962,0.804326,0.876384
2025-08-29 09:00:00+09:00,-0.528276,-0.474072,0.763048,0.791254
2025-08-30 09:00:00+09:00,-0.548973,-0.478550,0.758539,0.787899
2025-08-31 09:00:00+09:00,-0.576088,-0.868644,0.907969,0.733039
2025-09-01 09:00:00+09:00,-0.509243,-0.779599,0.949647,0.658008
2025-09-02 09:00:00+09:00,-0.391032,-0.553980,0.468626,0.569329
2025-09-03 09:00:00+09:00,-0.216707,-0.252255,0.763402,0.696848
2025-09-04 09:00:00+09:00,-0.384878,-0.245636,1.356420,0.670911
2025-09-05 09:00:00+09:00,-0.437115,-0.032222,1.594888,0.629027
2025-09-06 09:00:00+09:00,-0.457208,-0.038397,1.597661,0.626757
2025-09-07 09:00:00+09:00,-0.603025,-0.092113,1.508779,0.612897
2025-09-08 09:00:00+09:00,-0.558603,0.075099,1.580125,0.568906
2025-09-09 09:00:00+09:00,-0.508620,0.091576,1.248036,0.633527
2025-09-10 09:00:00+09:00,-0.276724,-0.218729,1.161121,0.620434
2025-09-11 09:00:00+09:00,-0.210338,-0.505310,1.429873,0.864013
2025-09-12 09:00:00+09:00,-0.147458,-0.453143,1.273801,0.853559
2025-09-13 09:00:00+09:00,-0.150588,-0.458990,1.269928,0.849236
2025-09-14 09:00:00+09:00,-0.227056,-0.290217,1.417839,0.728972
2025-09-15 09:00:00+09:00,-0.109404,-0.089548,1.239572,0.888942
2025-09-16 09:00:00+09:00,-0.051175,-0.078826,1.235220,0.871445
2025-09-17 09:00:00+09:00,-0.049809,-0.117582,1.113091,0.854380
2025-09-18 09:00:00+09:00,0.061038,-0.193039,0.892332,0.936285
2025-09-19 09:00:00+09:00,0.056323,-0.063180,0.867631,0.991061
2025-09-20 09:00:00+09:00,0.136254,-0.067987,0.866269,0.984183
2025-09-21 09:00:00+09:00,-0.125183,-0.123327,0.663703,0.857830
2025-09-22 09:00:00+09:00,-0.264072,0.538969,0.360392,0.769725
2025-09-23 09:00:00+09:00,-0.357811,0.676507,0.496852,0.696777
2025-09-24 09:00:00+09:00,-0.269366,0.393303,0.109439,0.560617
2025-09-25 09:00:00+09:00,-0.472654,0.751640,0.126877,0.433778
2025-09-26 09:00:00+09:00,-0.446294,0.940162,0.084820,0.502381
2025-09-27 09:00:00+09:00,-0.492980,0.932955,0.074727,0.499738
2025-09-28 09:00:00+09:00,-0.306373,0.804858,-0.189380,0.435172
2025-09-29 09:00:00+09:00,-0.110948,0.783987,0.109284,0.478077
2025-09-30 09:00:00+09:00,-0.286205,0.812425,0.212507,0.468636
2025-10-01 09:00:00+09:00,-0.093674,1.036147,0.659841,0.408344
2025-10-02 09:00:00+09:00,0.106574,0.882393,0.724420,0.414974
2025-10-03 09:00:00+09:00,0.187657,1.084482,0.585299,0.414804
2025-10-04 09:00:00+09:00,0.149331,1.076572,0.579604,0.413846
2025-10-05 09:00:00+09:00,0.269801,1.070561,0.793573,0.507591
2025-10-06 09:00:00+09:00,0.303360,1.563993,0.688021,0.557837
2025-10-07 09:00:00+09:00,0.001555,1.669962,0.493684,0.437034
2025-10-08 09:00:00+09:00,-0.148032,1.960731,0.539259,0.473151
2025-10-09 09:00:00+09:00,-0.302436,1.213909,0.811000,0.478862
2025-10-10 09:00:00+09:00,-0.717506,1.354621,1.244784,0.151761
2025-10-11 09:00:00+09:00,-0.913030,1.343950,1.235297,0.152111
2025-10-12 09:00:00+09:00,-0.724021,1.360405,1.257517,0.136148
2025-10-13 09:00:00+09:00,-0.611383,2.151001,1.567094,0.365176
2025-10-14 09:00:00+09:00,-0.763398,2.132721,1.538796,0.306503
2025-10-15 09:00:00+09:00,-0.902424,2.367295,1.466998,0.288536
2025-10-16 09:00:00+09:00,-0.967299,2.749872,1.587064,0.213075
2025-10-17 09:00:00+09:00,-1.045035,2.271386,1.457773,0.272994
2025-10-18 09:00:00+09:00,-0.969300,2.239148,1.446655,0.270640
2025-10-19 09:00:00+09:00,-0.894162,1.924900,1.187165,0.251720
2025-10-20 09:00:00+09:00,-0.910737,2.360397,1.070283,0.368240
2025-10-21 09:00:00+09:00,-0.955219,1.449376,1.446994,0.273735
2025-10-22 09:00:00+09:00,-0.970793,1.367452,1.555735,0.200452
2025-10-23 09:00:00+09:00,-0.809534,1.942335,1.144554,0.221658
2025-10-24 09:00:00+09:00,-0.770802,1.888512,1.200716,0.314178
2025-10-25 09:00:00+09:00,-0.806944,1.868579,1.190919,0.313162
2025-10-26 09:00:00+09:00,-0.586213,1.988081,1.337961,0.309863
2025-10-27 09:00:00+09:00,-0.602130,1.356345,0.865731,0.489926
2025-10-28 09:00:00+09:00,-0.655501,1.334335,1.169811,0.530382
2025-10-29 09:00:00+09:00,-0.702084,1.417403,0.642902,0.572073
2025-10-30 09:00:00+09:00,-0.670608,1.188675,-0.271669,0.643790
2025-10-31 09:00:00+09:00,-0.562714,1.093801,-0.245038,0.671398
2025-11-01 09:00:00+09:00,-0.622078,1.085458,-0.247473,0.666990
2025-11-02 09:00:00+09:00,-0.632847,0.938287,-0.349476,0.485581
2025-11-03 09:00:00+09:00,-0.799357,0.974218,-0.336118,0.561117
2025-11-04 09:00:00+09:00,-1.099812,0.745381,-0.199417,0.328528
2025-11-05 09:00:00+09:00,-1.093758,0.779871,-0.488335,0.378214
2025-11-06 09:00:00+09:00,-1.190323,0.575511,0.033389,0.149255
2025-11-07 09:00:00+09:00,-1.075701,0.655144,0.059703,0.161267
2025-11-08 09:00:00+09:00,-1.254523,0.649701,0.056321,0.158432
2025-11-09 09:00:00+09:00,-1.101702,1.089034,0.030382,0.185006
2025-11-10 09:00:00+09:00,-1.100677,1.599034,-0.052575,0.228590
2025-11-11 09:00:00+09:00,-1.379236,1.509373,-0.088551,0.210440
2025-11-12 09:00:00+09:00,-1.232038,2.046170,0.155300,0.210286
2025-11-13 09:00:00+09:00,-1.287068,1.941152,0.084015,0.042455
2025-11-14 09:00:00+09:00,-1.555394,1.492197,-0.043014,0.032283
2025-11-15 09:00:00+09:00,-1.492761,1.478823,-0.049585,0.028009
2025-11-16 09:00:00+09:00,-1.511679,1.487971,0.014304,0.025163
2025-11-17 09:00:00+09:00,-1.475721,1.487850,-0.090227,-0.019298
2025-11-18 09:00:00+09:00,-1.492108,1.288127,-0.079344,-0.094313
2025-11-19 09:00:00+09:00,-1.488998,1.380734,0.080950,-0.007446
2025-11-20 09:00:00+09:00,-1.912823,1.089201,-0.153713,-0.376313
2025-11-21 09:00:00+09:00,-1.925909,1.166985,0.088511,-0.266686
2025-11-22 09:00:00+09:00,-1.869319,1.159307,0.086652,-0.271653
2025-11-23 09:00:00+09:00,-1.621825,1.154832,0.231586,-0.226137
2025-11-24 09:00:00+09:00,-1.614092,1.136587,0.150106,-0.096192
2025-11-25 09:00:00+09:00,-1.635617,1.245570,0.201704,-0.019666
2025-11-26 09:00:00+09:00,-1.518007,1.211516,0.095816,0.022328
2025-11-27 09:00:00+09:00,-1.295455,1.001528,0.160037,0.097048
2025-11-28 09:00:00+09:00,-1.331418,1.209168,0.032920,0.158908
2025-11-29 09:00:00+09:00,-1.306740,1.202205,0.035428,0.154366
2025-11-30 09:00:00+09:00,-1.371977,1.195858,0.039310,0.149537
2025-12-01 09:00:00+09:00,-1.662240,0.913680,-0.136660,0.165109
2025-12-02 09:00:00+09:00,-1.417468,0.506415,-0.327885,0.127429
2025-12-03 09:00:00+09:00,-1.256984,0.678077,-0.503034,0.055469
2025-12-04 09:00:00+09:00,-1.321289,0.511737,-1.082886,0.104322
2025-12-05 09:00:00+09:00,-1.442412,0.516935,-1.224918,0.123341
2025-12-06 09:00:00+09:00,-1.482871,0.517903,-1.215168,0.117816
2025-12-07 09:00:00+09:00,-1.456711,0.408713,-1.428567,0.085841
2025-12-08 09:00:00+09:00,-1.417738,0.289976,-1.394988,0.002549
2025-12-09 09:00:00+09:00,-1.408362,0.365376,-1.679857,-0.050934
2025-12-10 09:00:00+09:00,-1.500392,0.357328,-1.545021,-0.076827
2025-12-11 09:00:00+09:00,-1.496102,0.642784,-1.322923,-0.051265
2025-12-12 09:00:00+09:00,-1.594978,0.695805,-1.319106,-0.199487
2025-12-13 09:00:00+09:00,-1.567961,0.692981,-1.315623,-0.211057
2025-12-14 09:00:00+09:00,-1.673645,0.544976,-1.435243,-0.284870
2025-12-15 09:00:00+09:00,-1.804079,0.536984,-1.611447,-0.301534
2025-12-16 09:00:00+09:00,-1.717329,0.556668,-1.230066,-0.334966
2025-12-17 09:00:00+09:00,-1.811401,0.886624,-0.988607,-0.562439
2025-12-18 09:00:00+09:00,-1.784348,0.729477,-0.754680,-0.531840
2025-12-19 09:00:00+09:00,-1.649082,0.812462,-0.918584,-0.421214
2025-12-21 09:00:00+09:00,-1.614066,0.812624,-0.911292,-0.429466
